CREATE database if NOT EXISTS `common-upms` default character set utf8mb4 collate utf8mb4_general_ci;
use `common-upms`;

/*
 Navicat Premium Data Transfer

 Source Server         : localhost
 Source Server Type    : MySQL
 Source Server Version : 50720
 Source Host           : localhost:3306
 Source Schema         : common-upms

 Target Server Type    : MySQL
 Target Server Version : 50720
 File Encoding         : 65001

 Date: 21/10/2021 12:37:51
*/

SET NAMES utf8mb4;
SET FOREIGN_KEY_CHECKS = 0;

-- ----------------------------
-- Table structure for bn_sys_data_perm
-- ----------------------------
DROP TABLE IF EXISTS `bn_sys_data_perm`;
CREATE TABLE `bn_sys_data_perm` (
  `data_perm_id` bigint(20) NOT NULL COMMENT '主键',
  `data_perm_name` varchar(64) COLLATE utf8mb4_bin NOT NULL COMMENT '显示名称',
  `rule_type` tinyint(2) NOT NULL COMMENT '数据权限规则类型(0: 全部可见 1: 只看自己 2: 只看本部门 3: 本部门及子部门 4: 多部门及子部门 5: 自定义部门列表)。',
  `create_user_id` bigint(20) NOT NULL COMMENT '创建者Id',
  `create_time` datetime NOT NULL COMMENT '创建时间',
  `update_user_id` bigint(20) NOT NULL COMMENT '更新者Id',
  `update_time` datetime NOT NULL COMMENT '最后更新时间',
  `deleted_flag` int(11) NOT NULL COMMENT '逻辑删除标记(1: 正常 -1: 已删除)',
  PRIMARY KEY (`data_perm_id`) USING BTREE
) ENGINE=InnoDB DEFAULT CHARSET=utf8mb4 COLLATE=utf8mb4_bin COMMENT='数据权限表';

-- ----------------------------
-- Table structure for bn_sys_data_perm_dept
-- ----------------------------
DROP TABLE IF EXISTS `bn_sys_data_perm_dept`;
CREATE TABLE `bn_sys_data_perm_dept` (
  `data_perm_id` bigint(20) NOT NULL COMMENT '数据权限Id',
  `dept_id` bigint(20) NOT NULL COMMENT '部门Id',
  PRIMARY KEY (`data_perm_id`,`dept_id`),
  KEY `idx_dept_id` (`dept_id`) USING BTREE
) ENGINE=InnoDB DEFAULT CHARSET=utf8mb4 COLLATE=utf8mb4_bin COMMENT='数据权限和部门关联表';

-- ----------------------------
-- Table structure for bn_sys_data_perm_user
-- ----------------------------
DROP TABLE IF EXISTS `bn_sys_data_perm_user`;
CREATE TABLE `bn_sys_data_perm_user` (
  `data_perm_id` bigint(20) NOT NULL COMMENT '数据权限Id',
  `user_id` bigint(20) NOT NULL COMMENT '用户Id',
  PRIMARY KEY (`data_perm_id`,`user_id`),
  KEY `idx_user_id` (`user_id`) USING BTREE
) ENGINE=InnoDB DEFAULT CHARSET=utf8mb4 COLLATE=utf8mb4_bin COMMENT='数据权限和用户关联表';

-- ----------------------------
-- Table structure for bn_sys_dept
-- ----------------------------
DROP TABLE IF EXISTS `bn_sys_dept`;
CREATE TABLE `bn_sys_dept` (
  `dept_id` bigint(20) NOT NULL COMMENT '部门Id',
  `parent_id` bigint(20) DEFAULT NULL COMMENT '父部门Id',
  `dept_name` varchar(50) COLLATE utf8mb4_bin NOT NULL COMMENT '部门名称',
  `show_order` int(11) NOT NULL COMMENT '兄弟部分之间的显示顺序，数字越小越靠前',
  `create_user_id` bigint(20) NOT NULL COMMENT '创建者Id',
  `create_time` datetime NOT NULL COMMENT '创建时间',
  `update_user_id` bigint(20) NOT NULL COMMENT '更新者Id',
  `update_time` datetime NOT NULL COMMENT '最后更新时间',
  `deleted_flag` int(1) NOT NULL DEFAULT '0' COMMENT '删除标记(1: 正常 -1: 已删除)',
  PRIMARY KEY (`dept_id`) USING BTREE,
  KEY `idx_parent_id` (`parent_id`) USING BTREE,
  KEY `idx_show_order` (`show_order`) USING BTREE
) ENGINE=InnoDB DEFAULT CHARSET=utf8mb4 COLLATE=utf8mb4_bin ROW_FORMAT=COMPACT COMMENT='部门管理表';

-- ----------------------------
-- Records of bn_sys_dept
-- ----------------------------
BEGIN;
INSERT INTO `bn_sys_dept` VALUES (1451021796210905098, NULL, '公司总部', 1, 1451021796210905099, '2021-10-21 00:00:00', 1451021796210905099, '2021-10-21 00:00:00', 1);
INSERT INTO `bn_sys_dept` VALUES (1451031111428743177, NULL, '北京校区', 1, 1451021796210905099, '2021-10-21 11:42:30', 1451021796210905099, '2021-10-21 11:42:30', 1);
INSERT INTO `bn_sys_dept` VALUES (1451031147340374025, NULL, '天津校区', 2, 1451021796210905099, '2021-10-21 11:42:39', 1451021796210905099, '2021-10-21 11:42:41', 1);
COMMIT;

-- ----------------------------
-- Table structure for bn_sys_dept_relation
-- ----------------------------
DROP TABLE IF EXISTS `bn_sys_dept_relation`;
CREATE TABLE `bn_sys_dept_relation` (
  `parent_dept_id` bigint(20) NOT NULL COMMENT '父部门Id',
  `dept_id` bigint(20) NOT NULL COMMENT '部门Id',
  PRIMARY KEY (`parent_dept_id`,`dept_id`),
  KEY `idx_dept_id` (`dept_id`) USING BTREE
) ENGINE=InnoDB DEFAULT CHARSET=utf8mb4 COLLATE=utf8mb4_bin ROW_FORMAT=COMPACT COMMENT='部门关联关系表';

-- ----------------------------
-- Records of bn_sys_dept_relation
-- ----------------------------
BEGIN;
INSERT INTO `bn_sys_dept_relation` VALUES (1451021796210905098, 1451021796210905098);
INSERT INTO `bn_sys_dept_relation` VALUES (1451031111428743177, 1451031111428743177);
INSERT INTO `bn_sys_dept_relation` VALUES (1451031147340374025, 1451031147340374025);
COMMIT;

-- ----------------------------
-- Table structure for bn_sys_menu
-- ----------------------------
DROP TABLE IF EXISTS `bn_sys_menu`;
CREATE TABLE `bn_sys_menu` (
  `menu_id` bigint(20) NOT NULL COMMENT '主键Id',
  `parent_id` bigint(20) DEFAULT NULL COMMENT '父菜单Id，目录菜单的父菜单为null',
  `menu_name` varchar(50) COLLATE utf8mb4_bin NOT NULL COMMENT '菜单显示名称',
  `menu_type` int(11) NOT NULL COMMENT '(0: 目录 1: 菜单 2: 按钮 3: UI片段)',
  `form_router_name` varchar(64) COLLATE utf8mb4_bin DEFAULT NULL COMMENT '前端表单路由名称，仅用于menu_type为1的菜单类型',
  `online_form_id` bigint(20) DEFAULT NULL COMMENT '在线表单主键Id',
  `online_menu_perm_type` int(11) DEFAULT NULL COMMENT '在线表单菜单的权限控制类型',
  `show_order` int(11) NOT NULL COMMENT '菜单显示顺序 (值越小，排序越靠前)',
  `icon` varchar(50) COLLATE utf8mb4_bin DEFAULT NULL COMMENT '菜单图标',
  `create_user_id` bigint(20) NOT NULL COMMENT '创建者Id',
  `create_time` datetime NOT NULL COMMENT '创建时间',
  `update_user_id` bigint(20) NOT NULL COMMENT '更新者Id',
  `update_time` datetime NOT NULL COMMENT '最后更新时间',
  `deleted_flag` int(11) NOT NULL COMMENT '逻辑删除标记(1: 正常 -1: 已删除)',
  PRIMARY KEY (`menu_id`) USING BTREE,
  KEY `idx_show_order` (`show_order`) USING BTREE,
  KEY `idx_parent_id` (`parent_id`) USING BTREE
) ENGINE=InnoDB DEFAULT CHARSET=utf8mb4 COLLATE=utf8mb4_bin ROW_FORMAT=COMPACT COMMENT='菜单和操作权限管理表';

-- ----------------------------
-- Records of bn_sys_menu
-- ----------------------------
BEGIN;
INSERT INTO `bn_sys_menu` VALUES (1293376634899927040, NULL, '系统管理', 0, NULL, NULL, NULL, 1, NULL, 1451021796210905099, '2021-10-21 00:00:00', 1451021796210905099, '2021-10-21 00:00:00', 1);
INSERT INTO `bn_sys_menu` VALUES (1293376634916704256, 1293376634899927040, '用户管理', 1, 'formSysUser', NULL, NULL, 100, NULL, 1451021796210905099, '2021-10-21 00:00:00', 1451021796210905099, '2021-10-21 00:00:00', 1);
INSERT INTO `bn_sys_menu` VALUES (1293376634916704258, 1293376634899927040, '角色管理', 1, 'formSysRole', NULL, NULL, 110, NULL, 1451021796210905099, '2021-10-21 00:00:00', 1451021796210905099, '2021-10-21 00:00:00', 1);
INSERT INTO `bn_sys_menu` VALUES (1293376634916704259, 1293376634899927040, '菜单管理', 1, 'formSysMenu', NULL, NULL, 120, NULL, 1451021796210905099, '2021-10-21 00:00:00', 1451021796210905099, '2021-10-21 00:00:00', 1);
INSERT INTO `bn_sys_menu` VALUES (1293376634916704260, 1293376634899927040, '权限字管理', 1, 'formSysPermCode', NULL, NULL, 125, NULL, 1451021796210905099, '2021-10-21 00:00:00', 1451021796210905099, '2021-10-21 00:00:00', 1);
INSERT INTO `bn_sys_menu` VALUES (1293376634916704261, 1293376634899927040, '权限管理', 1, 'formSysPerm', NULL, NULL, 130, NULL, 1451021796210905099, '2021-10-21 00:00:00', 1451021796210905099, '2021-10-21 00:00:00', 1);
INSERT INTO `bn_sys_menu` VALUES (1293376634916704262, 1293376634899927040, '字典管理', 1, 'formSysDict', NULL, NULL, 135, NULL, 1451021796210905099, '2021-10-21 00:00:00', 1451021796210905099, '2021-10-21 00:00:00', 1);
INSERT INTO `bn_sys_menu` VALUES (1293478813098840064, NULL, '业务管理', 0, NULL, NULL, NULL, 10, NULL, 1451021796210905099, '2021-10-21 00:00:00', 1451021796210905099, '2021-10-21 00:00:00', 1);
INSERT INTO `bn_sys_menu` VALUES (1293478847987060736, NULL, '统计管理', 0, NULL, NULL, NULL, 20, NULL, 1451021796210905099, '2021-10-21 00:00:00', 1451021796210905099, '2021-10-21 00:00:00', 1);
INSERT INTO `bn_sys_menu` VALUES (1293479020943380480, 1293478813098840064, '学生管理', 1, 'formStudent', NULL, NULL, 5, NULL, 1451021796210905099, '2021-10-21 00:00:00', 1451021796210905099, '2021-10-21 00:00:00', 1);
INSERT INTO `bn_sys_menu` VALUES (1293479114610577408, 1293478813098840064, '课程管理', 1, 'formCourse', NULL, NULL, 10, NULL, 1451021796210905099, '2021-10-21 00:00:00', 1451021796210905099, '2021-10-21 00:00:00', 1);
INSERT INTO `bn_sys_menu` VALUES (1293479177793572864, 1293478813098840064, '班级管理', 1, 'formClass', NULL, NULL, 15, NULL, 1451021796210905099, '2021-10-21 00:00:00', 1451021796210905099, '2021-10-21 00:00:00', 1);
INSERT INTO `bn_sys_menu` VALUES (1293479249499394048, 1293478847987060736, '课程统计', 1, 'formCourseStats', NULL, NULL, 1, NULL, 1451021796210905099, '2021-10-21 00:00:00', 1451021796210905099, '2021-10-21 00:00:00', 1);
INSERT INTO `bn_sys_menu` VALUES (1293479313416392704, 1293478847987060736, '学生行为统计', 1, 'formStudentActionStats', NULL, NULL, 5, NULL, 1451021796210905099, '2021-10-21 00:00:00', 1451021796210905099, '2021-10-21 00:00:00', 1);
INSERT INTO `bn_sys_menu` VALUES (1381236988534853632, 1293376634899927040, '在线用户', 1, 'formSysLoginUser', NULL, NULL, 145, NULL, 1451021796210905099, '2021-10-21 00:00:00', 1451021796210905099, '2021-10-21 00:00:00', 1);
INSERT INTO `bn_sys_menu` VALUES (1450436351471128576, 1293376634899927040, '操作日志', 1, 'formSysOperationLog', NULL, NULL, 140, NULL, 1451021796210905099, '2021-10-21 00:00:00', 1451021796210905099, '2021-10-21 00:00:00', 1);
INSERT INTO `bn_sys_menu` VALUES (1450780378271846400, 1293376634899927040, '数据权限管理', 1, 'formSysDataPerm', NULL, NULL, 115, NULL, 1451021796210905099, '2021-10-21 00:00:00', 1451021796210905099, '2021-10-21 00:00:00', 1);
INSERT INTO `bn_sys_menu` VALUES (1450780378414452736, 1293376634899927040, '部门管理', 1, 'formSysDept', NULL, NULL, 105, NULL, 1451021796210905099, '2021-10-21 00:00:00', 1451021796210905099, '2021-10-21 00:00:00', 1);
INSERT INTO `bn_sys_menu` VALUES (1451021796189933629, 1293376634916704256, '显示', 3, NULL, NULL, NULL, 1, NULL, 1451021796210905099, '2021-10-21 00:00:00', 1451021796210905099, '2021-10-21 00:00:00', 1);
INSERT INTO `bn_sys_menu` VALUES (1451021796189933630, 1293376634916704256, '新增', 3, NULL, NULL, NULL, 2, NULL, 1451021796210905099, '2021-10-21 00:00:00', 1451021796210905099, '2021-10-21 00:00:00', 1);
INSERT INTO `bn_sys_menu` VALUES (1451021796189933631, 1293376634916704256, '编辑', 3, NULL, NULL, NULL, 3, NULL, 1451021796210905099, '2021-10-21 00:00:00', 1451021796210905099, '2021-10-21 00:00:00', 1);
INSERT INTO `bn_sys_menu` VALUES (1451021796189933632, 1293376634916704256, '删除', 3, NULL, NULL, NULL, 4, NULL, 1451021796210905099, '2021-10-21 00:00:00', 1451021796210905099, '2021-10-21 00:00:00', 1);
INSERT INTO `bn_sys_menu` VALUES (1451021796189933633, 1293376634916704256, '重置密码', 3, NULL, NULL, NULL, 5, NULL, 1451021796210905099, '2021-10-21 00:00:00', 1451021796210905099, '2021-10-21 00:00:00', 1);
INSERT INTO `bn_sys_menu` VALUES (1451021796189933634, 1293376634916704256, '权限详情', 3, NULL, NULL, NULL, 6, NULL, 1451021796210905099, '2021-10-21 00:00:00', 1451021796210905099, '2021-10-21 00:00:00', 1);
INSERT INTO `bn_sys_menu` VALUES (1451021796194127873, 1293376634916704258, '角色管理', 2, NULL, NULL, NULL, 1, NULL, 1451021796210905099, '2021-10-21 00:00:00', 1451021796210905099, '2021-10-21 00:00:00', 1);
INSERT INTO `bn_sys_menu` VALUES (1451021796194127874, 1293376634916704258, '用户授权', 2, NULL, NULL, NULL, 2, NULL, 1451021796210905099, '2021-10-21 00:00:00', 1451021796210905099, '2021-10-21 00:00:00', 1);
INSERT INTO `bn_sys_menu` VALUES (1451021796194127875, 1451021796194127873, '显示', 3, NULL, NULL, NULL, 1, NULL, 1451021796210905099, '2021-10-21 00:00:00', 1451021796210905099, '2021-10-21 00:00:00', 1);
INSERT INTO `bn_sys_menu` VALUES (1451021796194127876, 1451021796194127873, '新增', 3, NULL, NULL, NULL, 2, NULL, 1451021796210905099, '2021-10-21 00:00:00', 1451021796210905099, '2021-10-21 00:00:00', 1);
INSERT INTO `bn_sys_menu` VALUES (1451021796194127877, 1451021796194127873, '编辑', 3, NULL, NULL, NULL, 3, NULL, 1451021796210905099, '2021-10-21 00:00:00', 1451021796210905099, '2021-10-21 00:00:00', 1);
INSERT INTO `bn_sys_menu` VALUES (1451021796194127878, 1451021796194127873, '删除', 3, NULL, NULL, NULL, 4, NULL, 1451021796210905099, '2021-10-21 00:00:00', 1451021796210905099, '2021-10-21 00:00:00', 1);
INSERT INTO `bn_sys_menu` VALUES (1451021796194127879, 1451021796194127873, '权限详情', 3, NULL, NULL, NULL, 5, NULL, 1451021796210905099, '2021-10-21 00:00:00', 1451021796210905099, '2021-10-21 00:00:00', 1);
INSERT INTO `bn_sys_menu` VALUES (1451021796194127880, 1451021796194127874, '显示', 3, NULL, NULL, NULL, 1, NULL, 1451021796210905099, '2021-10-21 00:00:00', 1451021796210905099, '2021-10-21 00:00:00', 1);
INSERT INTO `bn_sys_menu` VALUES (1451021796194127881, 1451021796194127874, '授权用户', 3, NULL, NULL, NULL, 2, NULL, 1451021796210905099, '2021-10-21 00:00:00', 1451021796210905099, '2021-10-21 00:00:00', 1);
INSERT INTO `bn_sys_menu` VALUES (1451021796194127882, 1451021796194127874, '移除用户', 3, NULL, NULL, NULL, 3, NULL, 1451021796210905099, '2021-10-21 00:00:00', 1451021796210905099, '2021-10-21 00:00:00', 1);
INSERT INTO `bn_sys_menu` VALUES (1451021796198322177, 1293376634916704259, '显示', 3, NULL, NULL, NULL, 1, NULL, 1451021796210905099, '2021-10-21 00:00:00', 1451021796210905099, '2021-10-21 00:00:00', 1);
INSERT INTO `bn_sys_menu` VALUES (1451021796198322178, 1293376634916704259, '新增', 3, NULL, NULL, NULL, 2, NULL, 1451021796210905099, '2021-10-21 00:00:00', 1451021796210905099, '2021-10-21 00:00:00', 1);
INSERT INTO `bn_sys_menu` VALUES (1451021796198322179, 1293376634916704259, '编辑', 3, NULL, NULL, NULL, 3, NULL, 1451021796210905099, '2021-10-21 00:00:00', 1451021796210905099, '2021-10-21 00:00:00', 1);
INSERT INTO `bn_sys_menu` VALUES (1451021796198322180, 1293376634916704259, '删除', 3, NULL, NULL, NULL, 4, NULL, 1451021796210905099, '2021-10-21 00:00:00', 1451021796210905099, '2021-10-21 00:00:00', 1);
INSERT INTO `bn_sys_menu` VALUES (1451021796198322181, 1293376634916704259, '权限详情', 3, NULL, NULL, NULL, 5, NULL, 1451021796210905099, '2021-10-21 00:00:00', 1451021796210905099, '2021-10-21 00:00:00', 1);
INSERT INTO `bn_sys_menu` VALUES (1451021796198322189, 1293376634916704260, '显示', 3, NULL, NULL, NULL, 1, NULL, 1451021796210905099, '2021-10-21 00:00:00', 1451021796210905099, '2021-10-21 00:00:00', 1);
INSERT INTO `bn_sys_menu` VALUES (1451021796198322190, 1293376634916704260, '新增', 3, NULL, NULL, NULL, 2, NULL, 1451021796210905099, '2021-10-21 00:00:00', 1451021796210905099, '2021-10-21 00:00:00', 1);
INSERT INTO `bn_sys_menu` VALUES (1451021796198322191, 1293376634916704260, '编辑', 3, NULL, NULL, NULL, 3, NULL, 1451021796210905099, '2021-10-21 00:00:00', 1451021796210905099, '2021-10-21 00:00:00', 1);
INSERT INTO `bn_sys_menu` VALUES (1451021796198322192, 1293376634916704260, '删除', 3, NULL, NULL, NULL, 4, NULL, 1451021796210905099, '2021-10-21 00:00:00', 1451021796210905099, '2021-10-21 00:00:00', 1);
INSERT INTO `bn_sys_menu` VALUES (1451021796198322193, 1293376634916704260, '权限详情', 3, NULL, NULL, NULL, 5, NULL, 1451021796210905099, '2021-10-21 00:00:00', 1451021796210905099, '2021-10-21 00:00:00', 1);
INSERT INTO `bn_sys_menu` VALUES (1451021796198322201, 1293376634916704261, '显示', 3, NULL, NULL, NULL, 1, NULL, 1451021796210905099, '2021-10-21 00:00:00', 1451021796210905099, '2021-10-21 00:00:00', 1);
INSERT INTO `bn_sys_menu` VALUES (1451021796198322202, 1293376634916704261, '新增模块', 3, NULL, NULL, NULL, 2, NULL, 1451021796210905099, '2021-10-21 00:00:00', 1451021796210905099, '2021-10-21 00:00:00', 1);
INSERT INTO `bn_sys_menu` VALUES (1451021796198322203, 1293376634916704261, '编辑模块', 3, NULL, NULL, NULL, 3, NULL, 1451021796210905099, '2021-10-21 00:00:00', 1451021796210905099, '2021-10-21 00:00:00', 1);
INSERT INTO `bn_sys_menu` VALUES (1451021796198322204, 1293376634916704261, '删除模块', 3, NULL, NULL, NULL, 4, NULL, 1451021796210905099, '2021-10-21 00:00:00', 1451021796210905099, '2021-10-21 00:00:00', 1);
INSERT INTO `bn_sys_menu` VALUES (1451021796198322205, 1293376634916704261, '新增权限', 3, NULL, NULL, NULL, 5, NULL, 1451021796210905099, '2021-10-21 00:00:00', 1451021796210905099, '2021-10-21 00:00:00', 1);
INSERT INTO `bn_sys_menu` VALUES (1451021796198322206, 1293376634916704261, '编辑权限', 3, NULL, NULL, NULL, 6, NULL, 1451021796210905099, '2021-10-21 00:00:00', 1451021796210905099, '2021-10-21 00:00:00', 1);
INSERT INTO `bn_sys_menu` VALUES (1451021796198322207, 1293376634916704261, '删除权限', 3, NULL, NULL, NULL, 7, NULL, 1451021796210905099, '2021-10-21 00:00:00', 1451021796210905099, '2021-10-21 00:00:00', 1);
INSERT INTO `bn_sys_menu` VALUES (1451021796198322208, 1293376634916704261, '权限详情', 3, NULL, NULL, NULL, 8, NULL, 1451021796210905099, '2021-10-21 00:00:00', 1451021796210905099, '2021-10-21 00:00:00', 1);
INSERT INTO `bn_sys_menu` VALUES (1451021796202516481, 1293376634916704262, '显示', 3, NULL, NULL, NULL, 1, NULL, 1451021796210905099, '2021-10-21 00:00:00', 1451021796210905099, '2021-10-21 00:00:00', 1);
INSERT INTO `bn_sys_menu` VALUES (1451021796202516482, 1293376634916704262, '新增', 3, NULL, NULL, NULL, 2, NULL, 1451021796210905099, '2021-10-21 00:00:00', 1451021796210905099, '2021-10-21 00:00:00', 1);
INSERT INTO `bn_sys_menu` VALUES (1451021796202516483, 1293376634916704262, '编辑', 3, NULL, NULL, NULL, 3, NULL, 1451021796210905099, '2021-10-21 00:00:00', 1451021796210905099, '2021-10-21 00:00:00', 1);
INSERT INTO `bn_sys_menu` VALUES (1451021796202516484, 1293376634916704262, '删除', 3, NULL, NULL, NULL, 4, NULL, 1451021796210905099, '2021-10-21 00:00:00', 1451021796210905099, '2021-10-21 00:00:00', 1);
INSERT INTO `bn_sys_menu` VALUES (1451021796202516485, 1293376634916704262, '同步缓存', 3, NULL, NULL, NULL, 5, NULL, 1451021796210905099, '2021-10-21 00:00:00', 1451021796210905099, '2021-10-21 00:00:00', 1);
INSERT INTO `bn_sys_menu` VALUES (1451021796202516495, 1293479020943380480, '显示', 3, NULL, NULL, NULL, 1, NULL, 1451021796210905099, '2021-10-21 00:00:00', 1451021796210905099, '2021-10-21 00:00:00', 1);
INSERT INTO `bn_sys_menu` VALUES (1451021796202516496, 1293479020943380480, '新建', 3, NULL, NULL, NULL, 2, NULL, 1451021796210905099, '2021-10-21 00:00:00', 1451021796210905099, '2021-10-21 00:00:00', 1);
INSERT INTO `bn_sys_menu` VALUES (1451021796202516497, 1293479020943380480, '编辑', 3, NULL, NULL, NULL, 3, NULL, 1451021796210905099, '2021-10-21 00:00:00', 1451021796210905099, '2021-10-21 00:00:00', 1);
INSERT INTO `bn_sys_menu` VALUES (1451021796202516498, 1293479020943380480, '删除', 3, NULL, NULL, NULL, 4, NULL, 1451021796210905099, '2021-10-21 00:00:00', 1451021796210905099, '2021-10-21 00:00:00', 1);
INSERT INTO `bn_sys_menu` VALUES (1451021796202516500, 1293479114610577408, '显示', 3, NULL, NULL, NULL, 1, NULL, 1451021796210905099, '2021-10-21 00:00:00', 1451021796210905099, '2021-10-21 00:00:00', 1);
INSERT INTO `bn_sys_menu` VALUES (1451021796202516501, 1293479114610577408, '新建', 3, NULL, NULL, NULL, 2, NULL, 1451021796210905099, '2021-10-21 00:00:00', 1451021796210905099, '2021-10-21 00:00:00', 1);
INSERT INTO `bn_sys_menu` VALUES (1451021796202516502, 1293479114610577408, '编辑', 3, NULL, NULL, NULL, 3, NULL, 1451021796210905099, '2021-10-21 00:00:00', 1451021796210905099, '2021-10-21 00:00:00', 1);
INSERT INTO `bn_sys_menu` VALUES (1451021796202516503, 1293479114610577408, '删除', 3, NULL, NULL, NULL, 4, NULL, 1451021796210905099, '2021-10-21 00:00:00', 1451021796210905099, '2021-10-21 00:00:00', 1);
INSERT INTO `bn_sys_menu` VALUES (1451021796202516505, 1293479177793572864, '显示', 3, NULL, NULL, NULL, 1, NULL, 1451021796210905099, '2021-10-21 00:00:00', 1451021796210905099, '2021-10-21 00:00:00', 1);
INSERT INTO `bn_sys_menu` VALUES (1451021796202516506, 1293479177793572864, '设置班级课程', 3, NULL, NULL, NULL, 2, NULL, 1451021796210905099, '2021-10-21 00:00:00', 1451021796210905099, '2021-10-21 00:00:00', 1);
INSERT INTO `bn_sys_menu` VALUES (1451021796202516507, 1293479177793572864, '编辑', 3, NULL, NULL, NULL, 3, NULL, 1451021796210905099, '2021-10-21 00:00:00', 1451021796210905099, '2021-10-21 00:00:00', 1);
INSERT INTO `bn_sys_menu` VALUES (1451021796202516508, 1293479177793572864, '删除', 3, NULL, NULL, NULL, 4, NULL, 1451021796210905099, '2021-10-21 00:00:00', 1451021796210905099, '2021-10-21 00:00:00', 1);
INSERT INTO `bn_sys_menu` VALUES (1451021796202516509, 1293479177793572864, '移除', 3, NULL, NULL, NULL, 5, NULL, 1451021796210905099, '2021-10-21 00:00:00', 1451021796210905099, '2021-10-21 00:00:00', 1);
INSERT INTO `bn_sys_menu` VALUES (1451021796202516510, 1293479177793572864, '课程顺序', 3, NULL, NULL, NULL, 6, NULL, 1451021796210905099, '2021-10-21 00:00:00', 1451021796210905099, '2021-10-21 00:00:00', 1);
INSERT INTO `bn_sys_menu` VALUES (1451021796202516511, 1293479177793572864, '移除', 3, NULL, NULL, NULL, 7, NULL, 1451021796210905099, '2021-10-21 00:00:00', 1451021796210905099, '2021-10-21 00:00:00', 1);
INSERT INTO `bn_sys_menu` VALUES (1451021796202516512, 1293479177793572864, '设置班级学生', 3, NULL, NULL, NULL, 8, NULL, 1451021796210905099, '2021-10-21 00:00:00', 1451021796210905099, '2021-10-21 00:00:00', 1);
INSERT INTO `bn_sys_menu` VALUES (1451021796202516513, 1293479177793572864, '新建', 3, NULL, NULL, NULL, 9, NULL, 1451021796210905099, '2021-10-21 00:00:00', 1451021796210905099, '2021-10-21 00:00:00', 1);
INSERT INTO `bn_sys_menu` VALUES (1451021796202516515, 1293479249499394048, '显示', 3, NULL, NULL, NULL, 1, NULL, 1451021796210905099, '2021-10-21 00:00:00', 1451021796210905099, '2021-10-21 00:00:00', 1);
INSERT INTO `bn_sys_menu` VALUES (1451021796202516517, 1293479313416392704, '显示', 3, NULL, NULL, NULL, 1, NULL, 1451021796210905099, '2021-10-21 00:00:00', 1451021796210905099, '2021-10-21 00:00:00', 1);
INSERT INTO `bn_sys_menu` VALUES (1451021796202516518, 1293479313416392704, '学生行为详情', 3, NULL, NULL, NULL, 2, NULL, 1451021796210905099, '2021-10-21 00:00:00', 1451021796210905099, '2021-10-21 00:00:00', 1);
INSERT INTO `bn_sys_menu` VALUES (1451021796202516519, 1293479313416392704, '学生行为详情', 3, NULL, NULL, NULL, 3, NULL, 1451021796210905099, '2021-10-21 00:00:00', 1451021796210905099, '2021-10-21 00:00:00', 1);
INSERT INTO `bn_sys_menu` VALUES (1451021796206710784, 1293479313416392704, '学生行为详情', 3, NULL, NULL, NULL, 4, NULL, 1451021796210905099, '2021-10-21 00:00:00', 1451021796210905099, '2021-10-21 00:00:00', 1);
INSERT INTO `bn_sys_menu` VALUES (1451021796206710785, 1293479313416392704, '学生行为详情', 3, NULL, NULL, NULL, 5, NULL, 1451021796210905099, '2021-10-21 00:00:00', 1451021796210905099, '2021-10-21 00:00:00', 1);
INSERT INTO `bn_sys_menu` VALUES (1451021796206710786, 1293479313416392704, '学生行为详情', 3, NULL, NULL, NULL, 6, NULL, 1451021796210905099, '2021-10-21 00:00:00', 1451021796210905099, '2021-10-21 00:00:00', 1);
INSERT INTO `bn_sys_menu` VALUES (1451021796206710787, 1293479313416392704, '学生行为详情', 3, NULL, NULL, NULL, 7, NULL, 1451021796210905099, '2021-10-21 00:00:00', 1451021796210905099, '2021-10-21 00:00:00', 1);
INSERT INTO `bn_sys_menu` VALUES (1451021796206710788, 1293479313416392704, '学生行为详情', 3, NULL, NULL, NULL, 8, NULL, 1451021796210905099, '2021-10-21 00:00:00', 1451021796210905099, '2021-10-21 00:00:00', 1);
INSERT INTO `bn_sys_menu` VALUES (1451021796206710789, 1293479313416392704, '学生行为详情', 3, NULL, NULL, NULL, 9, NULL, 1451021796210905099, '2021-10-21 00:00:00', 1451021796210905099, '2021-10-21 00:00:00', 1);
INSERT INTO `bn_sys_menu` VALUES (1451021796206710791, 1381236988534853632, '显示', 3, NULL, NULL, NULL, 1, NULL, 1451021796210905099, '2021-10-21 00:00:00', 1451021796210905099, '2021-10-21 00:00:00', 1);
INSERT INTO `bn_sys_menu` VALUES (1451021796206710792, 1381236988534853632, '强制下线', 3, NULL, NULL, NULL, 2, NULL, 1451021796210905099, '2021-10-21 00:00:00', 1451021796210905099, '2021-10-21 00:00:00', 1);
INSERT INTO `bn_sys_menu` VALUES (1451021796206710797, 1450436351471128576, '显示', 3, NULL, NULL, NULL, 1, NULL, 1451021796210905099, '2021-10-21 00:00:00', 1451021796210905099, '2021-10-21 00:00:00', 1);
INSERT INTO `bn_sys_menu` VALUES (1451021796206710801, 1450780378271846400, '数据权限管理', 2, NULL, NULL, NULL, 1, NULL, 1451021796210905099, '2021-10-21 00:00:00', 1451021796210905099, '2021-10-21 00:00:00', 1);
INSERT INTO `bn_sys_menu` VALUES (1451021796206710802, 1450780378271846400, '用户授权', 2, NULL, NULL, NULL, 2, NULL, 1451021796210905099, '2021-10-21 00:00:00', 1451021796210905099, '2021-10-21 00:00:00', 1);
INSERT INTO `bn_sys_menu` VALUES (1451021796206710803, 1451021796206710801, '显示', 3, NULL, NULL, NULL, 1, NULL, 1451021796210905099, '2021-10-21 00:00:00', 1451021796210905099, '2021-10-21 00:00:00', 1);
INSERT INTO `bn_sys_menu` VALUES (1451021796206710804, 1451021796206710801, '新增', 3, NULL, NULL, NULL, 2, NULL, 1451021796210905099, '2021-10-21 00:00:00', 1451021796210905099, '2021-10-21 00:00:00', 1);
INSERT INTO `bn_sys_menu` VALUES (1451021796206710805, 1451021796206710801, '编辑', 3, NULL, NULL, NULL, 3, NULL, 1451021796210905099, '2021-10-21 00:00:00', 1451021796210905099, '2021-10-21 00:00:00', 1);
INSERT INTO `bn_sys_menu` VALUES (1451021796206710806, 1451021796206710801, '删除', 3, NULL, NULL, NULL, 4, NULL, 1451021796210905099, '2021-10-21 00:00:00', 1451021796210905099, '2021-10-21 00:00:00', 1);
INSERT INTO `bn_sys_menu` VALUES (1451021796206710807, 1451021796206710802, '显示', 3, NULL, NULL, NULL, 1, NULL, 1451021796210905099, '2021-10-21 00:00:00', 1451021796210905099, '2021-10-21 00:00:00', 1);
INSERT INTO `bn_sys_menu` VALUES (1451021796206710808, 1451021796206710802, '授权用户', 3, NULL, NULL, NULL, 2, NULL, 1451021796210905099, '2021-10-21 00:00:00', 1451021796210905099, '2021-10-21 00:00:00', 1);
INSERT INTO `bn_sys_menu` VALUES (1451021796206710809, 1451021796206710802, '移除用户', 3, NULL, NULL, NULL, 3, NULL, 1451021796210905099, '2021-10-21 00:00:00', 1451021796210905099, '2021-10-21 00:00:00', 1);
INSERT INTO `bn_sys_menu` VALUES (1451021796210905089, 1450780378414452736, '显示', 3, NULL, NULL, NULL, 1, NULL, 1451021796210905099, '2021-10-21 00:00:00', 1451021796210905099, '2021-10-21 00:00:00', 1);
INSERT INTO `bn_sys_menu` VALUES (1451021796210905090, 1450780378414452736, '新增', 3, NULL, NULL, NULL, 2, NULL, 1451021796210905099, '2021-10-21 00:00:00', 1451021796210905099, '2021-10-21 00:00:00', 1);
INSERT INTO `bn_sys_menu` VALUES (1451021796210905091, 1450780378414452736, '编辑', 3, NULL, NULL, NULL, 3, NULL, 1451021796210905099, '2021-10-21 00:00:00', 1451021796210905099, '2021-10-21 00:00:00', 1);
INSERT INTO `bn_sys_menu` VALUES (1451021796210905092, 1450780378414452736, '删除', 3, NULL, NULL, NULL, 4, NULL, 1451021796210905099, '2021-10-21 00:00:00', 1451021796210905099, '2021-10-21 00:00:00', 1);
COMMIT;

-- ----------------------------
-- Table structure for bn_sys_menu_perm_code
-- ----------------------------
DROP TABLE IF EXISTS `bn_sys_menu_perm_code`;
CREATE TABLE `bn_sys_menu_perm_code` (
  `menu_id` bigint(20) NOT NULL COMMENT '关联菜单Id',
  `perm_code_id` bigint(20) NOT NULL COMMENT '关联权限字Id',
  PRIMARY KEY (`menu_id`,`perm_code_id`) USING BTREE,
  KEY `idx_perm_code_id` (`perm_code_id`) USING BTREE
) ENGINE=InnoDB DEFAULT CHARSET=utf8mb4 COLLATE=utf8mb4_bin COMMENT='菜单和权限关系表';

-- ----------------------------
-- Records of bn_sys_menu_perm_code
-- ----------------------------
BEGIN;
INSERT INTO `bn_sys_menu_perm_code` VALUES (1451021796202516495, 1451021796185739265);
INSERT INTO `bn_sys_menu_perm_code` VALUES (1451021796202516496, 1451021796185739266);
INSERT INTO `bn_sys_menu_perm_code` VALUES (1451021796202516497, 1451021796185739267);
INSERT INTO `bn_sys_menu_perm_code` VALUES (1451021796202516498, 1451021796185739268);
INSERT INTO `bn_sys_menu_perm_code` VALUES (1451021796202516496, 1451021796185739269);
INSERT INTO `bn_sys_menu_perm_code` VALUES (1451021796202516496, 1451021796185739270);
INSERT INTO `bn_sys_menu_perm_code` VALUES (1451021796202516496, 1451021796185739271);
INSERT INTO `bn_sys_menu_perm_code` VALUES (1451021796202516496, 1451021796185739272);
INSERT INTO `bn_sys_menu_perm_code` VALUES (1451021796202516497, 1451021796189933568);
INSERT INTO `bn_sys_menu_perm_code` VALUES (1451021796202516497, 1451021796189933569);
INSERT INTO `bn_sys_menu_perm_code` VALUES (1451021796202516497, 1451021796189933570);
INSERT INTO `bn_sys_menu_perm_code` VALUES (1451021796202516497, 1451021796189933571);
INSERT INTO `bn_sys_menu_perm_code` VALUES (1451021796202516500, 1451021796189933573);
INSERT INTO `bn_sys_menu_perm_code` VALUES (1451021796202516501, 1451021796189933574);
INSERT INTO `bn_sys_menu_perm_code` VALUES (1451021796202516502, 1451021796189933575);
INSERT INTO `bn_sys_menu_perm_code` VALUES (1451021796202516503, 1451021796189933576);
INSERT INTO `bn_sys_menu_perm_code` VALUES (1451021796202516501, 1451021796189933577);
INSERT INTO `bn_sys_menu_perm_code` VALUES (1451021796202516501, 1451021796189933578);
INSERT INTO `bn_sys_menu_perm_code` VALUES (1451021796202516501, 1451021796189933579);
INSERT INTO `bn_sys_menu_perm_code` VALUES (1451021796202516501, 1451021796189933580);
INSERT INTO `bn_sys_menu_perm_code` VALUES (1451021796202516502, 1451021796189933581);
INSERT INTO `bn_sys_menu_perm_code` VALUES (1451021796202516502, 1451021796189933582);
INSERT INTO `bn_sys_menu_perm_code` VALUES (1451021796202516502, 1451021796189933583);
INSERT INTO `bn_sys_menu_perm_code` VALUES (1451021796202516502, 1451021796189933584);
INSERT INTO `bn_sys_menu_perm_code` VALUES (1451021796202516515, 1451021796189933586);
INSERT INTO `bn_sys_menu_perm_code` VALUES (1451021796202516517, 1451021796189933588);
INSERT INTO `bn_sys_menu_perm_code` VALUES (1451021796202516518, 1451021796189933589);
INSERT INTO `bn_sys_menu_perm_code` VALUES (1451021796202516519, 1451021796189933590);
INSERT INTO `bn_sys_menu_perm_code` VALUES (1451021796206710784, 1451021796189933591);
INSERT INTO `bn_sys_menu_perm_code` VALUES (1451021796206710785, 1451021796189933592);
INSERT INTO `bn_sys_menu_perm_code` VALUES (1451021796206710786, 1451021796189933593);
INSERT INTO `bn_sys_menu_perm_code` VALUES (1451021796206710787, 1451021796189933594);
INSERT INTO `bn_sys_menu_perm_code` VALUES (1451021796206710788, 1451021796189933595);
INSERT INTO `bn_sys_menu_perm_code` VALUES (1451021796206710789, 1451021796189933596);
INSERT INTO `bn_sys_menu_perm_code` VALUES (1451021796202516518, 1451021796189933597);
INSERT INTO `bn_sys_menu_perm_code` VALUES (1451021796202516519, 1451021796189933597);
INSERT INTO `bn_sys_menu_perm_code` VALUES (1451021796206710784, 1451021796189933597);
INSERT INTO `bn_sys_menu_perm_code` VALUES (1451021796206710785, 1451021796189933597);
INSERT INTO `bn_sys_menu_perm_code` VALUES (1451021796206710786, 1451021796189933597);
INSERT INTO `bn_sys_menu_perm_code` VALUES (1451021796206710787, 1451021796189933597);
INSERT INTO `bn_sys_menu_perm_code` VALUES (1451021796206710788, 1451021796189933597);
INSERT INTO `bn_sys_menu_perm_code` VALUES (1451021796206710789, 1451021796189933597);
INSERT INTO `bn_sys_menu_perm_code` VALUES (1451021796202516518, 1451021796189933598);
INSERT INTO `bn_sys_menu_perm_code` VALUES (1451021796202516519, 1451021796189933598);
INSERT INTO `bn_sys_menu_perm_code` VALUES (1451021796206710784, 1451021796189933598);
INSERT INTO `bn_sys_menu_perm_code` VALUES (1451021796206710785, 1451021796189933598);
INSERT INTO `bn_sys_menu_perm_code` VALUES (1451021796206710786, 1451021796189933598);
INSERT INTO `bn_sys_menu_perm_code` VALUES (1451021796206710787, 1451021796189933598);
INSERT INTO `bn_sys_menu_perm_code` VALUES (1451021796206710788, 1451021796189933598);
INSERT INTO `bn_sys_menu_perm_code` VALUES (1451021796206710789, 1451021796189933598);
INSERT INTO `bn_sys_menu_perm_code` VALUES (1451021796202516513, 1451021796189933599);
INSERT INTO `bn_sys_menu_perm_code` VALUES (1451021796202516513, 1451021796189933600);
INSERT INTO `bn_sys_menu_perm_code` VALUES (1451021796202516513, 1451021796189933601);
INSERT INTO `bn_sys_menu_perm_code` VALUES (1451021796202516513, 1451021796189933602);
INSERT INTO `bn_sys_menu_perm_code` VALUES (1451021796202516507, 1451021796189933603);
INSERT INTO `bn_sys_menu_perm_code` VALUES (1451021796202516507, 1451021796189933604);
INSERT INTO `bn_sys_menu_perm_code` VALUES (1451021796202516507, 1451021796189933605);
INSERT INTO `bn_sys_menu_perm_code` VALUES (1451021796202516507, 1451021796189933606);
INSERT INTO `bn_sys_menu_perm_code` VALUES (1451021796202516510, 1451021796189933607);
INSERT INTO `bn_sys_menu_perm_code` VALUES (1451021796202516510, 1451021796189933608);
INSERT INTO `bn_sys_menu_perm_code` VALUES (1451021796202516510, 1451021796189933609);
INSERT INTO `bn_sys_menu_perm_code` VALUES (1451021796202516510, 1451021796189933610);
INSERT INTO `bn_sys_menu_perm_code` VALUES (1451021796202516512, 1451021796189933611);
INSERT INTO `bn_sys_menu_perm_code` VALUES (1451021796202516512, 1451021796189933612);
INSERT INTO `bn_sys_menu_perm_code` VALUES (1451021796202516512, 1451021796189933613);
INSERT INTO `bn_sys_menu_perm_code` VALUES (1451021796202516506, 1451021796189933614);
INSERT INTO `bn_sys_menu_perm_code` VALUES (1451021796202516506, 1451021796189933615);
INSERT INTO `bn_sys_menu_perm_code` VALUES (1451021796202516506, 1451021796189933616);
INSERT INTO `bn_sys_menu_perm_code` VALUES (1451021796202516505, 1451021796189933618);
INSERT INTO `bn_sys_menu_perm_code` VALUES (1451021796202516506, 1451021796189933619);
INSERT INTO `bn_sys_menu_perm_code` VALUES (1451021796202516507, 1451021796189933620);
INSERT INTO `bn_sys_menu_perm_code` VALUES (1451021796202516508, 1451021796189933621);
INSERT INTO `bn_sys_menu_perm_code` VALUES (1451021796202516509, 1451021796189933622);
INSERT INTO `bn_sys_menu_perm_code` VALUES (1451021796202516510, 1451021796189933623);
INSERT INTO `bn_sys_menu_perm_code` VALUES (1451021796202516511, 1451021796189933624);
INSERT INTO `bn_sys_menu_perm_code` VALUES (1451021796202516512, 1451021796189933625);
INSERT INTO `bn_sys_menu_perm_code` VALUES (1451021796202516513, 1451021796189933626);
INSERT INTO `bn_sys_menu_perm_code` VALUES (1451021796189933629, 1451021796189933636);
INSERT INTO `bn_sys_menu_perm_code` VALUES (1451021796189933630, 1451021796189933637);
INSERT INTO `bn_sys_menu_perm_code` VALUES (1451021796189933631, 1451021796189933638);
INSERT INTO `bn_sys_menu_perm_code` VALUES (1451021796189933632, 1451021796189933639);
INSERT INTO `bn_sys_menu_perm_code` VALUES (1451021796189933633, 1451021796189933640);
INSERT INTO `bn_sys_menu_perm_code` VALUES (1451021796189933634, 1451021796189933641);
INSERT INTO `bn_sys_menu_perm_code` VALUES (1451021796194127875, 1451021796194127884);
INSERT INTO `bn_sys_menu_perm_code` VALUES (1451021796194127880, 1451021796194127885);
INSERT INTO `bn_sys_menu_perm_code` VALUES (1451021796194127876, 1451021796194127886);
INSERT INTO `bn_sys_menu_perm_code` VALUES (1451021796194127877, 1451021796194127887);
INSERT INTO `bn_sys_menu_perm_code` VALUES (1451021796194127878, 1451021796194127888);
INSERT INTO `bn_sys_menu_perm_code` VALUES (1451021796194127879, 1451021796194127889);
INSERT INTO `bn_sys_menu_perm_code` VALUES (1451021796194127881, 1451021796194127890);
INSERT INTO `bn_sys_menu_perm_code` VALUES (1451021796194127882, 1451021796194127891);
INSERT INTO `bn_sys_menu_perm_code` VALUES (1451021796198322177, 1451021796198322183);
INSERT INTO `bn_sys_menu_perm_code` VALUES (1451021796198322178, 1451021796198322184);
INSERT INTO `bn_sys_menu_perm_code` VALUES (1451021796198322179, 1451021796198322185);
INSERT INTO `bn_sys_menu_perm_code` VALUES (1451021796198322180, 1451021796198322186);
INSERT INTO `bn_sys_menu_perm_code` VALUES (1451021796198322181, 1451021796198322187);
INSERT INTO `bn_sys_menu_perm_code` VALUES (1451021796198322189, 1451021796198322195);
INSERT INTO `bn_sys_menu_perm_code` VALUES (1451021796198322190, 1451021796198322196);
INSERT INTO `bn_sys_menu_perm_code` VALUES (1451021796198322191, 1451021796198322197);
INSERT INTO `bn_sys_menu_perm_code` VALUES (1451021796198322192, 1451021796198322198);
INSERT INTO `bn_sys_menu_perm_code` VALUES (1451021796198322193, 1451021796198322199);
INSERT INTO `bn_sys_menu_perm_code` VALUES (1451021796198322201, 1451021796198322210);
INSERT INTO `bn_sys_menu_perm_code` VALUES (1451021796198322202, 1451021796198322211);
INSERT INTO `bn_sys_menu_perm_code` VALUES (1451021796198322203, 1451021796198322212);
INSERT INTO `bn_sys_menu_perm_code` VALUES (1451021796198322204, 1451021796198322213);
INSERT INTO `bn_sys_menu_perm_code` VALUES (1451021796198322205, 1451021796198322214);
INSERT INTO `bn_sys_menu_perm_code` VALUES (1451021796198322206, 1451021796198322215);
INSERT INTO `bn_sys_menu_perm_code` VALUES (1451021796198322207, 1451021796198322216);
INSERT INTO `bn_sys_menu_perm_code` VALUES (1451021796198322208, 1451021796198322217);
INSERT INTO `bn_sys_menu_perm_code` VALUES (1293376634916704262, 1451021796202516487);
INSERT INTO `bn_sys_menu_perm_code` VALUES (1451021796202516481, 1451021796202516487);
INSERT INTO `bn_sys_menu_perm_code` VALUES (1293376634916704262, 1451021796202516488);
INSERT INTO `bn_sys_menu_perm_code` VALUES (1451021796202516482, 1451021796202516488);
INSERT INTO `bn_sys_menu_perm_code` VALUES (1293376634916704262, 1451021796202516489);
INSERT INTO `bn_sys_menu_perm_code` VALUES (1451021796202516483, 1451021796202516489);
INSERT INTO `bn_sys_menu_perm_code` VALUES (1293376634916704262, 1451021796202516490);
INSERT INTO `bn_sys_menu_perm_code` VALUES (1451021796202516484, 1451021796202516490);
INSERT INTO `bn_sys_menu_perm_code` VALUES (1293376634916704262, 1451021796202516491);
INSERT INTO `bn_sys_menu_perm_code` VALUES (1451021796202516485, 1451021796202516491);
INSERT INTO `bn_sys_menu_perm_code` VALUES (1451021796206710791, 1451021796206710794);
INSERT INTO `bn_sys_menu_perm_code` VALUES (1451021796206710792, 1451021796206710795);
INSERT INTO `bn_sys_menu_perm_code` VALUES (1451021796206710797, 1451021796206710799);
INSERT INTO `bn_sys_menu_perm_code` VALUES (1451021796206710803, 1451021796206710811);
INSERT INTO `bn_sys_menu_perm_code` VALUES (1451021796206710807, 1451021796206710812);
INSERT INTO `bn_sys_menu_perm_code` VALUES (1451021796206710804, 1451021796206710813);
INSERT INTO `bn_sys_menu_perm_code` VALUES (1451021796206710805, 1451021796206710814);
INSERT INTO `bn_sys_menu_perm_code` VALUES (1451021796206710806, 1451021796206710815);
INSERT INTO `bn_sys_menu_perm_code` VALUES (1451021796206710808, 1451021796206710816);
INSERT INTO `bn_sys_menu_perm_code` VALUES (1451021796206710809, 1451021796206710817);
INSERT INTO `bn_sys_menu_perm_code` VALUES (1451021796210905089, 1451021796210905094);
INSERT INTO `bn_sys_menu_perm_code` VALUES (1451021796210905090, 1451021796210905095);
INSERT INTO `bn_sys_menu_perm_code` VALUES (1451021796210905091, 1451021796210905096);
INSERT INTO `bn_sys_menu_perm_code` VALUES (1451021796210905092, 1451021796210905097);
COMMIT;

-- ----------------------------
-- Table structure for bn_sys_perm
-- ----------------------------
DROP TABLE IF EXISTS `bn_sys_perm`;
CREATE TABLE `bn_sys_perm` (
  `perm_id` bigint(20) NOT NULL COMMENT '权限id',
  `module_id` bigint(20) NOT NULL DEFAULT '0' COMMENT '权限所在的权限模块id',
  `perm_name` varchar(64) COLLATE utf8mb4_bin NOT NULL DEFAULT '' COMMENT '权限名称',
  `url` varchar(128) COLLATE utf8mb4_bin NOT NULL DEFAULT '' COMMENT '关联的url',
  `show_order` int(11) NOT NULL DEFAULT '0' COMMENT '权限在当前模块下的顺序，由小到大',
  `create_user_id` bigint(20) NOT NULL COMMENT '创建者Id',
  `create_time` datetime NOT NULL COMMENT '创建时间',
  `update_user_id` bigint(20) NOT NULL COMMENT '更新者Id',
  `update_time` datetime NOT NULL COMMENT '最后更新时间',
  `deleted_flag` int(11) NOT NULL COMMENT '逻辑删除标记(1: 正常 -1: 已删除)',
  PRIMARY KEY (`perm_id`) USING BTREE,
  KEY `idx_show_order` (`show_order`) USING BTREE,
  KEY `idx_module_id` (`module_id`) USING BTREE
) ENGINE=InnoDB DEFAULT CHARSET=utf8mb4 COLLATE=utf8mb4_bin ROW_FORMAT=COMPACT COMMENT='系统权限表';

-- ----------------------------
-- Records of bn_sys_perm
-- ----------------------------
BEGIN;
INSERT INTO `bn_sys_perm` VALUES (1451021796106047488, 1451021796101853184, '新增', '/admin/CourseClass/course/add', 1, 1451021796210905099, '2021-10-21 00:00:00', 1451021796210905099, '2021-10-21 00:00:00', 1);
INSERT INTO `bn_sys_perm` VALUES (1451021796106047489, 1451021796101853184, '编辑', '/admin/CourseClass/course/update', 2, 1451021796210905099, '2021-10-21 00:00:00', 1451021796210905099, '2021-10-21 00:00:00', 1);
INSERT INTO `bn_sys_perm` VALUES (1451021796106047490, 1451021796101853184, '删除', '/admin/CourseClass/course/delete', 3, 1451021796210905099, '2021-10-21 00:00:00', 1451021796210905099, '2021-10-21 00:00:00', 1);
INSERT INTO `bn_sys_perm` VALUES (1451021796106047491, 1451021796101853184, '显示列表', '/admin/CourseClass/course/list', 4, 1451021796210905099, '2021-10-21 00:00:00', 1451021796210905099, '2021-10-21 00:00:00', 1);
INSERT INTO `bn_sys_perm` VALUES (1451021796106047492, 1451021796101853184, '导出', '/admin/CourseClass/course/export', 5, 1451021796210905099, '2021-10-21 00:00:00', 1451021796210905099, '2021-10-21 00:00:00', 1);
INSERT INTO `bn_sys_perm` VALUES (1451021796106047493, 1451021796101853184, '详情', '/admin/CourseClass/course/view', 6, 1451021796210905099, '2021-10-21 00:00:00', 1451021796210905099, '2021-10-21 00:00:00', 1);
INSERT INTO `bn_sys_perm` VALUES (1451021796106047494, 1451021796101853184, '打印', '/admin/CourseClass/course/print', 7, 1451021796210905099, '2021-10-21 00:00:00', 1451021796210905099, '2021-10-21 00:00:00', 1);
INSERT INTO `bn_sys_perm` VALUES (1451021796106047495, 1451021796101853184, '课程数据文件上传', '/admin/CourseClass/course/upload', 8, 1451021796210905099, '2021-10-21 00:00:00', 1451021796210905099, '2021-10-21 00:00:00', 1);
INSERT INTO `bn_sys_perm` VALUES (1451021796106047496, 1451021796101853184, '课程数据文件下载', '/admin/CourseClass/course/download', 9, 1451021796210905099, '2021-10-21 00:00:00', 1451021796210905099, '2021-10-21 00:00:00', 1);
INSERT INTO `bn_sys_perm` VALUES (1451021796106047498, 1451021796106047497, '新增', '/admin/CourseClass/student/add', 1, 1451021796210905099, '2021-10-21 00:00:00', 1451021796210905099, '2021-10-21 00:00:00', 1);
INSERT INTO `bn_sys_perm` VALUES (1451021796106047499, 1451021796106047497, '编辑', '/admin/CourseClass/student/update', 2, 1451021796210905099, '2021-10-21 00:00:00', 1451021796210905099, '2021-10-21 00:00:00', 1);
INSERT INTO `bn_sys_perm` VALUES (1451021796106047500, 1451021796106047497, '删除', '/admin/CourseClass/student/delete', 3, 1451021796210905099, '2021-10-21 00:00:00', 1451021796210905099, '2021-10-21 00:00:00', 1);
INSERT INTO `bn_sys_perm` VALUES (1451021796106047501, 1451021796106047497, '显示列表', '/admin/CourseClass/student/list', 4, 1451021796210905099, '2021-10-21 00:00:00', 1451021796210905099, '2021-10-21 00:00:00', 1);
INSERT INTO `bn_sys_perm` VALUES (1451021796106047502, 1451021796106047497, '导出', '/admin/CourseClass/student/export', 5, 1451021796210905099, '2021-10-21 00:00:00', 1451021796210905099, '2021-10-21 00:00:00', 1);
INSERT INTO `bn_sys_perm` VALUES (1451021796106047503, 1451021796106047497, '详情', '/admin/CourseClass/student/view', 6, 1451021796210905099, '2021-10-21 00:00:00', 1451021796210905099, '2021-10-21 00:00:00', 1);
INSERT INTO `bn_sys_perm` VALUES (1451021796106047504, 1451021796106047497, '打印', '/admin/CourseClass/student/print', 7, 1451021796210905099, '2021-10-21 00:00:00', 1451021796210905099, '2021-10-21 00:00:00', 1);
INSERT INTO `bn_sys_perm` VALUES (1451021796106047506, 1451021796106047505, '新增', '/admin/upms/sysDept/add', 1, 1451021796210905099, '2021-10-21 00:00:00', 1451021796210905099, '2021-10-21 00:00:00', 1);
INSERT INTO `bn_sys_perm` VALUES (1451021796106047507, 1451021796106047505, '编辑', '/admin/upms/sysDept/update', 2, 1451021796210905099, '2021-10-21 00:00:00', 1451021796210905099, '2021-10-21 00:00:00', 1);
INSERT INTO `bn_sys_perm` VALUES (1451021796106047508, 1451021796106047505, '删除', '/admin/upms/sysDept/delete', 3, 1451021796210905099, '2021-10-21 00:00:00', 1451021796210905099, '2021-10-21 00:00:00', 1);
INSERT INTO `bn_sys_perm` VALUES (1451021796106047509, 1451021796106047505, '显示列表', '/admin/upms/sysDept/list', 4, 1451021796210905099, '2021-10-21 00:00:00', 1451021796210905099, '2021-10-21 00:00:00', 1);
INSERT INTO `bn_sys_perm` VALUES (1451021796106047510, 1451021796106047505, '导出', '/admin/upms/sysDept/export', 5, 1451021796210905099, '2021-10-21 00:00:00', 1451021796210905099, '2021-10-21 00:00:00', 1);
INSERT INTO `bn_sys_perm` VALUES (1451021796106047511, 1451021796106047505, '详情', '/admin/upms/sysDept/view', 6, 1451021796210905099, '2021-10-21 00:00:00', 1451021796210905099, '2021-10-21 00:00:00', 1);
INSERT INTO `bn_sys_perm` VALUES (1451021796106047512, 1451021796106047505, '打印', '/admin/upms/sysDept/print', 7, 1451021796210905099, '2021-10-21 00:00:00', 1451021796210905099, '2021-10-21 00:00:00', 1);
INSERT INTO `bn_sys_perm` VALUES (1451021796106047514, 1451021796106047513, '新增', '/admin/upms/sysUser/add', 1, 1451021796210905099, '2021-10-21 00:00:00', 1451021796210905099, '2021-10-21 00:00:00', 1);
INSERT INTO `bn_sys_perm` VALUES (1451021796106047515, 1451021796106047513, '编辑', '/admin/upms/sysUser/update', 2, 1451021796210905099, '2021-10-21 00:00:00', 1451021796210905099, '2021-10-21 00:00:00', 1);
INSERT INTO `bn_sys_perm` VALUES (1451021796106047516, 1451021796106047513, '删除', '/admin/upms/sysUser/delete', 3, 1451021796210905099, '2021-10-21 00:00:00', 1451021796210905099, '2021-10-21 00:00:00', 1);
INSERT INTO `bn_sys_perm` VALUES (1451021796106047517, 1451021796106047513, '显示列表', '/admin/upms/sysUser/list', 4, 1451021796210905099, '2021-10-21 00:00:00', 1451021796210905099, '2021-10-21 00:00:00', 1);
INSERT INTO `bn_sys_perm` VALUES (1451021796106047518, 1451021796106047513, '导出', '/admin/upms/sysUser/export', 5, 1451021796210905099, '2021-10-21 00:00:00', 1451021796210905099, '2021-10-21 00:00:00', 1);
INSERT INTO `bn_sys_perm` VALUES (1451021796106047519, 1451021796106047513, '详情', '/admin/upms/sysUser/view', 6, 1451021796210905099, '2021-10-21 00:00:00', 1451021796210905099, '2021-10-21 00:00:00', 1);
INSERT INTO `bn_sys_perm` VALUES (1451021796106047520, 1451021796106047513, '打印', '/admin/upms/sysUser/print', 7, 1451021796210905099, '2021-10-21 00:00:00', 1451021796210905099, '2021-10-21 00:00:00', 1);
INSERT INTO `bn_sys_perm` VALUES (1451021796106047521, 1451021796106047513, '重置密码', '/admin/upms/sysUser/resetPassword', 8, 1451021796210905099, '2021-10-21 00:00:00', 1451021796210905099, '2021-10-21 00:00:00', 1);
INSERT INTO `bn_sys_perm` VALUES (1451021796106047522, 1451021796106047513, '用户权限资源分配详情', '/admin/upms/sysUser/listSysPermWithDetail', 9, 1451021796210905099, '2021-10-21 00:00:00', 1451021796210905099, '2021-10-21 00:00:00', 1);
INSERT INTO `bn_sys_perm` VALUES (1451021796106047523, 1451021796106047513, '用户权限字分配详情', '/admin/upms/sysUser/listSysPermCodeWithDetail', 10, 1451021796210905099, '2021-10-21 00:00:00', 1451021796210905099, '2021-10-21 00:00:00', 1);
INSERT INTO `bn_sys_perm` VALUES (1451021796106047524, 1451021796106047513, '用户菜单分配详情', '/admin/upms/sysUser/listSysMenuWithDetail', 11, 1451021796210905099, '2021-10-21 00:00:00', 1451021796210905099, '2021-10-21 00:00:00', 1);
INSERT INTO `bn_sys_perm` VALUES (1451021796106047526, 1451021796106047525, '新增', '/admin/CourseClass/studentClass/add', 1, 1451021796210905099, '2021-10-21 00:00:00', 1451021796210905099, '2021-10-21 00:00:00', 1);
INSERT INTO `bn_sys_perm` VALUES (1451021796106047527, 1451021796106047525, '编辑', '/admin/CourseClass/studentClass/update', 2, 1451021796210905099, '2021-10-21 00:00:00', 1451021796210905099, '2021-10-21 00:00:00', 1);
INSERT INTO `bn_sys_perm` VALUES (1451021796106047528, 1451021796106047525, '删除', '/admin/CourseClass/studentClass/delete', 3, 1451021796210905099, '2021-10-21 00:00:00', 1451021796210905099, '2021-10-21 00:00:00', 1);
INSERT INTO `bn_sys_perm` VALUES (1451021796106047529, 1451021796106047525, '显示列表', '/admin/CourseClass/studentClass/list', 4, 1451021796210905099, '2021-10-21 00:00:00', 1451021796210905099, '2021-10-21 00:00:00', 1);
INSERT INTO `bn_sys_perm` VALUES (1451021796106047530, 1451021796106047525, '导出', '/admin/CourseClass/studentClass/export', 5, 1451021796210905099, '2021-10-21 00:00:00', 1451021796210905099, '2021-10-21 00:00:00', 1);
INSERT INTO `bn_sys_perm` VALUES (1451021796106047531, 1451021796106047525, '详情', '/admin/CourseClass/studentClass/view', 6, 1451021796210905099, '2021-10-21 00:00:00', 1451021796210905099, '2021-10-21 00:00:00', 1);
INSERT INTO `bn_sys_perm` VALUES (1451021796106047532, 1451021796106047525, '打印', '/admin/CourseClass/studentClass/print', 7, 1451021796210905099, '2021-10-21 00:00:00', 1451021796210905099, '2021-10-21 00:00:00', 1);
INSERT INTO `bn_sys_perm` VALUES (1451021796106047533, 1451021796106047525, '新增班级课程', '/admin/CourseClass/studentClass/addClassCourse', 8, 1451021796210905099, '2021-10-21 00:00:00', 1451021796210905099, '2021-10-21 00:00:00', 1);
INSERT INTO `bn_sys_perm` VALUES (1451021796106047534, 1451021796106047525, '详情班级课程', '/admin/CourseClass/studentClass/viewClassCourse', 9, 1451021796210905099, '2021-10-21 00:00:00', 1451021796210905099, '2021-10-21 00:00:00', 1);
INSERT INTO `bn_sys_perm` VALUES (1451021796106047535, 1451021796106047525, '编辑班级课程', '/admin/CourseClass/studentClass/updateClassCourse', 10, 1451021796210905099, '2021-10-21 00:00:00', 1451021796210905099, '2021-10-21 00:00:00', 1);
INSERT INTO `bn_sys_perm` VALUES (1451021796106047536, 1451021796106047525, '移除班级课程', '/admin/CourseClass/studentClass/deleteClassCourse', 11, 1451021796210905099, '2021-10-21 00:00:00', 1451021796210905099, '2021-10-21 00:00:00', 1);
INSERT INTO `bn_sys_perm` VALUES (1451021796106047537, 1451021796106047525, '班级课程列表', '/admin/CourseClass/studentClass/listClassCourse', 12, 1451021796210905099, '2021-10-21 00:00:00', 1451021796210905099, '2021-10-21 00:00:00', 1);
INSERT INTO `bn_sys_perm` VALUES (1451021796106047538, 1451021796106047525, '班级课程未关联列表', '/admin/CourseClass/studentClass/listNotInClassCourse', 13, 1451021796210905099, '2021-10-21 00:00:00', 1451021796210905099, '2021-10-21 00:00:00', 1);
INSERT INTO `bn_sys_perm` VALUES (1451021796106047539, 1451021796106047525, '新增班级学生', '/admin/CourseClass/studentClass/addClassStudent', 14, 1451021796210905099, '2021-10-21 00:00:00', 1451021796210905099, '2021-10-21 00:00:00', 1);
INSERT INTO `bn_sys_perm` VALUES (1451021796106047540, 1451021796106047525, '移除班级学生', '/admin/CourseClass/studentClass/deleteClassStudent', 15, 1451021796210905099, '2021-10-21 00:00:00', 1451021796210905099, '2021-10-21 00:00:00', 1);
INSERT INTO `bn_sys_perm` VALUES (1451021796106047541, 1451021796106047525, '班级学生列表', '/admin/CourseClass/studentClass/listClassStudent', 16, 1451021796210905099, '2021-10-21 00:00:00', 1451021796210905099, '2021-10-21 00:00:00', 1);
INSERT INTO `bn_sys_perm` VALUES (1451021796106047542, 1451021796106047525, '班级学生未关联列表', '/admin/CourseClass/studentClass/listNotInClassStudent', 17, 1451021796210905099, '2021-10-21 00:00:00', 1451021796210905099, '2021-10-21 00:00:00', 1);
INSERT INTO `bn_sys_perm` VALUES (1451021796106047544, 1451021796106047543, '分组列表', '/admin/stats/courseTransStats/listWithGroup', 1, 1451021796210905099, '2021-10-21 00:00:00', 1451021796210905099, '2021-10-21 00:00:00', 1);
INSERT INTO `bn_sys_perm` VALUES (1451021796106047545, 1451021796106047543, '显示列表', '/admin/stats/courseTransStats/list', 2, 1451021796210905099, '2021-10-21 00:00:00', 1451021796210905099, '2021-10-21 00:00:00', 1);
INSERT INTO `bn_sys_perm` VALUES (1451021796106047546, 1451021796106047543, '导出', '/admin/stats/courseTransStats/export', 3, 1451021796210905099, '2021-10-21 00:00:00', 1451021796210905099, '2021-10-21 00:00:00', 1);
INSERT INTO `bn_sys_perm` VALUES (1451021796106047547, 1451021796106047543, '详情', '/admin/stats/courseTransStats/view', 4, 1451021796210905099, '2021-10-21 00:00:00', 1451021796210905099, '2021-10-21 00:00:00', 1);
INSERT INTO `bn_sys_perm` VALUES (1451021796106047548, 1451021796106047543, '打印', '/admin/stats/courseTransStats/print', 5, 1451021796210905099, '2021-10-21 00:00:00', 1451021796210905099, '2021-10-21 00:00:00', 1);
INSERT INTO `bn_sys_perm` VALUES (1451021796106047550, 1451021796106047549, '分组列表', '/admin/stats/studentActionStats/listWithGroup', 1, 1451021796210905099, '2021-10-21 00:00:00', 1451021796210905099, '2021-10-21 00:00:00', 1);
INSERT INTO `bn_sys_perm` VALUES (1451021796106047551, 1451021796106047549, '显示列表', '/admin/stats/studentActionStats/list', 2, 1451021796210905099, '2021-10-21 00:00:00', 1451021796210905099, '2021-10-21 00:00:00', 1);
INSERT INTO `bn_sys_perm` VALUES (1451021796106047552, 1451021796106047549, '导出', '/admin/stats/studentActionStats/export', 3, 1451021796210905099, '2021-10-21 00:00:00', 1451021796210905099, '2021-10-21 00:00:00', 1);
INSERT INTO `bn_sys_perm` VALUES (1451021796106047553, 1451021796106047549, '详情', '/admin/stats/studentActionStats/view', 4, 1451021796210905099, '2021-10-21 00:00:00', 1451021796210905099, '2021-10-21 00:00:00', 1);
INSERT INTO `bn_sys_perm` VALUES (1451021796106047554, 1451021796106047549, '打印', '/admin/stats/studentActionStats/print', 5, 1451021796210905099, '2021-10-21 00:00:00', 1451021796210905099, '2021-10-21 00:00:00', 1);
INSERT INTO `bn_sys_perm` VALUES (1451021796106047556, 1451021796106047555, '新增', '/admin/stats/studentActionTrans/add', 1, 1451021796210905099, '2021-10-21 00:00:00', 1451021796210905099, '2021-10-21 00:00:00', 1);
INSERT INTO `bn_sys_perm` VALUES (1451021796106047557, 1451021796106047555, '编辑', '/admin/stats/studentActionTrans/update', 2, 1451021796210905099, '2021-10-21 00:00:00', 1451021796210905099, '2021-10-21 00:00:00', 1);
INSERT INTO `bn_sys_perm` VALUES (1451021796106047558, 1451021796106047555, '删除', '/admin/stats/studentActionTrans/delete', 3, 1451021796210905099, '2021-10-21 00:00:00', 1451021796210905099, '2021-10-21 00:00:00', 1);
INSERT INTO `bn_sys_perm` VALUES (1451021796106047559, 1451021796106047555, '显示列表', '/admin/stats/studentActionTrans/list', 4, 1451021796210905099, '2021-10-21 00:00:00', 1451021796210905099, '2021-10-21 00:00:00', 1);
INSERT INTO `bn_sys_perm` VALUES (1451021796106047560, 1451021796106047555, '导出', '/admin/stats/studentActionTrans/export', 5, 1451021796210905099, '2021-10-21 00:00:00', 1451021796210905099, '2021-10-21 00:00:00', 1);
INSERT INTO `bn_sys_perm` VALUES (1451021796106047561, 1451021796106047555, '详情', '/admin/stats/studentActionTrans/view', 6, 1451021796210905099, '2021-10-21 00:00:00', 1451021796210905099, '2021-10-21 00:00:00', 1);
INSERT INTO `bn_sys_perm` VALUES (1451021796106047562, 1451021796106047555, '打印', '/admin/stats/studentActionTrans/print', 7, 1451021796210905099, '2021-10-21 00:00:00', 1451021796210905099, '2021-10-21 00:00:00', 1);
INSERT INTO `bn_sys_perm` VALUES (1451021796106047564, 1451021796106047563, '新增', '/admin/upms/sysRole/add', 1, 1451021796210905099, '2021-10-21 00:00:00', 1451021796210905099, '2021-10-21 00:00:00', 1);
INSERT INTO `bn_sys_perm` VALUES (1451021796106047565, 1451021796106047563, '编辑', '/admin/upms/sysRole/update', 2, 1451021796210905099, '2021-10-21 00:00:00', 1451021796210905099, '2021-10-21 00:00:00', 1);
INSERT INTO `bn_sys_perm` VALUES (1451021796106047566, 1451021796106047563, '删除', '/admin/upms/sysRole/delete', 3, 1451021796210905099, '2021-10-21 00:00:00', 1451021796210905099, '2021-10-21 00:00:00', 1);
INSERT INTO `bn_sys_perm` VALUES (1451021796106047567, 1451021796106047563, '显示列表', '/admin/upms/sysRole/list', 4, 1451021796210905099, '2021-10-21 00:00:00', 1451021796210905099, '2021-10-21 00:00:00', 1);
INSERT INTO `bn_sys_perm` VALUES (1451021796106047568, 1451021796106047563, '详情', '/admin/upms/sysRole/view', 5, 1451021796210905099, '2021-10-21 00:00:00', 1451021796210905099, '2021-10-21 00:00:00', 1);
INSERT INTO `bn_sys_perm` VALUES (1451021796106047569, 1451021796106047563, '授权用户', '/admin/upms/sysRole/addUserRole', 6, 1451021796210905099, '2021-10-21 00:00:00', 1451021796210905099, '2021-10-21 00:00:00', 1);
INSERT INTO `bn_sys_perm` VALUES (1451021796106047570, 1451021796106047563, '移除用户', '/admin/upms/sysRole/deleteUserRole', 7, 1451021796210905099, '2021-10-21 00:00:00', 1451021796210905099, '2021-10-21 00:00:00', 1);
INSERT INTO `bn_sys_perm` VALUES (1451021796106047571, 1451021796106047563, '角色用户列表', '/admin/upms/sysRole/listUserRole', 8, 1451021796210905099, '2021-10-21 00:00:00', 1451021796210905099, '2021-10-21 00:00:00', 1);
INSERT INTO `bn_sys_perm` VALUES (1451021796106047572, 1451021796106047563, '角色未添加用户列表', '/admin/upms/sysRole/listNotInUserRole', 9, 1451021796210905099, '2021-10-21 00:00:00', 1451021796210905099, '2021-10-21 00:00:00', 1);
INSERT INTO `bn_sys_perm` VALUES (1451021796106047573, 1451021796106047563, '角色权限资源分配详情', '/admin/upms/sysRole/listSysPermWithDetail', 10, 1451021796210905099, '2021-10-21 00:00:00', 1451021796210905099, '2021-10-21 00:00:00', 1);
INSERT INTO `bn_sys_perm` VALUES (1451021796106047574, 1451021796106047563, '角色权限字分配详情', '/admin/upms/sysRole/listSysPermCodeWithDetail', 11, 1451021796210905099, '2021-10-21 00:00:00', 1451021796210905099, '2021-10-21 00:00:00', 1);
INSERT INTO `bn_sys_perm` VALUES (1451021796106047576, 1451021796106047575, '新增', '/admin/upms/sysDataPerm/add', 1, 1451021796210905099, '2021-10-21 00:00:00', 1451021796210905099, '2021-10-21 00:00:00', 1);
INSERT INTO `bn_sys_perm` VALUES (1451021796106047577, 1451021796106047575, '编辑', '/admin/upms/sysDataPerm/update', 2, 1451021796210905099, '2021-10-21 00:00:00', 1451021796210905099, '2021-10-21 00:00:00', 1);
INSERT INTO `bn_sys_perm` VALUES (1451021796106047578, 1451021796106047575, '删除', '/admin/upms/sysDataPerm/delete', 3, 1451021796210905099, '2021-10-21 00:00:00', 1451021796210905099, '2021-10-21 00:00:00', 1);
INSERT INTO `bn_sys_perm` VALUES (1451021796106047579, 1451021796106047575, '显示列表', '/admin/upms/sysDataPerm/list', 4, 1451021796210905099, '2021-10-21 00:00:00', 1451021796210905099, '2021-10-21 00:00:00', 1);
INSERT INTO `bn_sys_perm` VALUES (1451021796106047580, 1451021796106047575, '详情', '/admin/upms/sysDataPerm/view', 5, 1451021796210905099, '2021-10-21 00:00:00', 1451021796210905099, '2021-10-21 00:00:00', 1);
INSERT INTO `bn_sys_perm` VALUES (1451021796106047581, 1451021796106047575, '授权用户', '/admin/upms/sysDataPerm/addDataPermUser', 5, 1451021796210905099, '2021-10-21 00:00:00', 1451021796210905099, '2021-10-21 00:00:00', 1);
INSERT INTO `bn_sys_perm` VALUES (1451021796106047582, 1451021796106047575, '移除用户', '/admin/upms/sysDataPerm/deleteDataPermUser', 6, 1451021796210905099, '2021-10-21 00:00:00', 1451021796210905099, '2021-10-21 00:00:00', 1);
INSERT INTO `bn_sys_perm` VALUES (1451021796106047583, 1451021796106047575, '数据权限用户列表', '/admin/upms/sysDataPerm/listDataPermUser', 7, 1451021796210905099, '2021-10-21 00:00:00', 1451021796210905099, '2021-10-21 00:00:00', 1);
INSERT INTO `bn_sys_perm` VALUES (1451021796106047584, 1451021796106047575, '数据权限未添加用户列表', '/admin/upms/sysDataPerm/listNotInDataPermUser', 8, 1451021796210905099, '2021-10-21 00:00:00', 1451021796210905099, '2021-10-21 00:00:00', 1);
INSERT INTO `bn_sys_perm` VALUES (1451021796106047586, 1451021796106047585, '新增', '/admin/upms/sysMenu/add', 1, 1451021796210905099, '2021-10-21 00:00:00', 1451021796210905099, '2021-10-21 00:00:00', 1);
INSERT INTO `bn_sys_perm` VALUES (1451021796106047587, 1451021796106047585, '删除', '/admin/upms/sysMenu/delete', 2, 1451021796210905099, '2021-10-21 00:00:00', 1451021796210905099, '2021-10-21 00:00:00', 1);
INSERT INTO `bn_sys_perm` VALUES (1451021796106047588, 1451021796106047585, '编辑', '/admin/upms/sysMenu/update', 3, 1451021796210905099, '2021-10-21 00:00:00', 1451021796210905099, '2021-10-21 00:00:00', 1);
INSERT INTO `bn_sys_perm` VALUES (1451021796106047589, 1451021796106047585, '显示列表', '/admin/upms/sysMenu/list', 4, 1451021796210905099, '2021-10-21 00:00:00', 1451021796210905099, '2021-10-21 00:00:00', 1);
INSERT INTO `bn_sys_perm` VALUES (1451021796106047590, 1451021796106047585, '详情', '/admin/upms/sysMenu/view', 5, 1451021796210905099, '2021-10-21 00:00:00', 1451021796210905099, '2021-10-21 00:00:00', 1);
INSERT INTO `bn_sys_perm` VALUES (1451021796106047591, 1451021796106047585, '菜单权限资源分配详情', '/admin/upms/sysMenu/listSysPermWithDetail', 6, 1451021796210905099, '2021-10-21 00:00:00', 1451021796210905099, '2021-10-21 00:00:00', 1);
INSERT INTO `bn_sys_perm` VALUES (1451021796106047592, 1451021796106047585, '菜单用户分配详情', '/admin/upms/sysMenu/listSysUserWithDetail', 7, 1451021796210905099, '2021-10-21 00:00:00', 1451021796210905099, '2021-10-21 00:00:00', 1);
INSERT INTO `bn_sys_perm` VALUES (1451021796106047594, 1451021796106047593, '新增', '/admin/upms/sysPermCode/add', 1, 1451021796210905099, '2021-10-21 00:00:00', 1451021796210905099, '2021-10-21 00:00:00', 1);
INSERT INTO `bn_sys_perm` VALUES (1451021796106047595, 1451021796106047593, '编辑', '/admin/upms/sysPermCode/update', 2, 1451021796210905099, '2021-10-21 00:00:00', 1451021796210905099, '2021-10-21 00:00:00', 1);
INSERT INTO `bn_sys_perm` VALUES (1451021796106047596, 1451021796106047593, '删除', '/admin/upms/sysPermCode/delete', 3, 1451021796210905099, '2021-10-21 00:00:00', 1451021796210905099, '2021-10-21 00:00:00', 1);
INSERT INTO `bn_sys_perm` VALUES (1451021796106047597, 1451021796106047593, '显示列表', '/admin/upms/sysPermCode/list', 4, 1451021796210905099, '2021-10-21 00:00:00', 1451021796210905099, '2021-10-21 00:00:00', 1);
INSERT INTO `bn_sys_perm` VALUES (1451021796106047598, 1451021796106047593, '详情', '/admin/upms/sysPermCode/view', 5, 1451021796210905099, '2021-10-21 00:00:00', 1451021796210905099, '2021-10-21 00:00:00', 1);
INSERT INTO `bn_sys_perm` VALUES (1451021796106047599, 1451021796106047593, '权限字用户分配详情', '/admin/upms/sysPermCode/listSysUserWithDetail', 6, 1451021796210905099, '2021-10-21 00:00:00', 1451021796210905099, '2021-10-21 00:00:00', 1);
INSERT INTO `bn_sys_perm` VALUES (1451021796106047600, 1451021796106047593, '权限字角色分配详情', '/admin/upms/sysPermCode/listSysRoleWithDetail', 7, 1451021796210905099, '2021-10-21 00:00:00', 1451021796210905099, '2021-10-21 00:00:00', 1);
INSERT INTO `bn_sys_perm` VALUES (1451021796106047602, 1451021796106047601, '新增', '/admin/upms/sysPermModule/add', 1, 1451021796210905099, '2021-10-21 00:00:00', 1451021796210905099, '2021-10-21 00:00:00', 1);
INSERT INTO `bn_sys_perm` VALUES (1451021796106047603, 1451021796106047601, '编辑', '/admin/upms/sysPermModule/update', 2, 1451021796210905099, '2021-10-21 00:00:00', 1451021796210905099, '2021-10-21 00:00:00', 1);
INSERT INTO `bn_sys_perm` VALUES (1451021796106047604, 1451021796106047601, '删除', '/admin/upms/sysPermModule/delete', 3, 1451021796210905099, '2021-10-21 00:00:00', 1451021796210905099, '2021-10-21 00:00:00', 1);
INSERT INTO `bn_sys_perm` VALUES (1451021796106047605, 1451021796106047601, '显示列表', '/admin/upms/sysPermModule/list', 4, 1451021796210905099, '2021-10-21 00:00:00', 1451021796210905099, '2021-10-21 00:00:00', 1);
INSERT INTO `bn_sys_perm` VALUES (1451021796106047606, 1451021796106047601, '显示全部', '/admin/upms/sysPermModule/listAll', 5, 1451021796210905099, '2021-10-21 00:00:00', 1451021796210905099, '2021-10-21 00:00:00', 1);
INSERT INTO `bn_sys_perm` VALUES (1451021796106047608, 1451021796106047607, '新增', '/admin/upms/sysPerm/add', 1, 1451021796210905099, '2021-10-21 00:00:00', 1451021796210905099, '2021-10-21 00:00:00', 1);
INSERT INTO `bn_sys_perm` VALUES (1451021796106047609, 1451021796106047607, '编辑', '/admin/upms/sysPerm/update', 2, 1451021796210905099, '2021-10-21 00:00:00', 1451021796210905099, '2021-10-21 00:00:00', 1);
INSERT INTO `bn_sys_perm` VALUES (1451021796106047610, 1451021796106047607, '删除', '/admin/upms/sysPerm/delete', 3, 1451021796210905099, '2021-10-21 00:00:00', 1451021796210905099, '2021-10-21 00:00:00', 1);
INSERT INTO `bn_sys_perm` VALUES (1451021796106047611, 1451021796106047607, '显示列表', '/admin/upms/sysPerm/list', 4, 1451021796210905099, '2021-10-21 00:00:00', 1451021796210905099, '2021-10-21 00:00:00', 1);
INSERT INTO `bn_sys_perm` VALUES (1451021796106047612, 1451021796106047607, '详情', '/admin/upms/sysPerm/view', 5, 1451021796210905099, '2021-10-21 00:00:00', 1451021796210905099, '2021-10-21 00:00:00', 1);
INSERT INTO `bn_sys_perm` VALUES (1451021796106047613, 1451021796106047607, '权限资源用户分配详情', '/admin/upms/sysPerm/listSysUserWithDetail', 6, 1451021796210905099, '2021-10-21 00:00:00', 1451021796210905099, '2021-10-21 00:00:00', 1);
INSERT INTO `bn_sys_perm` VALUES (1451021796106047614, 1451021796106047607, '权限资源角色分配详情', '/admin/upms/sysPerm/listSysRoleWithDetail', 7, 1451021796210905099, '2021-10-21 00:00:00', 1451021796210905099, '2021-10-21 00:00:00', 1);
INSERT INTO `bn_sys_perm` VALUES (1451021796106047615, 1451021796106047607, '权限资源菜单分配详情', '/admin/upms/sysPerm/listSysMenuWithDetail', 8, 1451021796210905099, '2021-10-21 00:00:00', 1451021796210905099, '2021-10-21 00:00:00', 1);
INSERT INTO `bn_sys_perm` VALUES (1451021796110241792, 1451021796106047617, '新增', '/admin/CourseClass/areaCode/add', 1, 1451021796210905099, '2021-10-21 00:00:00', 1451021796210905099, '2021-10-21 00:00:00', 1);
INSERT INTO `bn_sys_perm` VALUES (1451021796110241793, 1451021796106047617, '编辑', '/admin/CourseClass/areaCode/update', 2, 1451021796210905099, '2021-10-21 00:00:00', 1451021796210905099, '2021-10-21 00:00:00', 1);
INSERT INTO `bn_sys_perm` VALUES (1451021796110241794, 1451021796106047617, '删除', '/admin/CourseClass/areaCode/delete', 3, 1451021796210905099, '2021-10-21 00:00:00', 1451021796210905099, '2021-10-21 00:00:00', 1);
INSERT INTO `bn_sys_perm` VALUES (1451021796110241795, 1451021796106047617, '同步缓存', '/admin/CourseClass/areaCode/reloadCachedData', 4, 1451021796210905099, '2021-10-21 00:00:00', 1451021796210905099, '2021-10-21 00:00:00', 1);
INSERT INTO `bn_sys_perm` VALUES (1451021796110241797, 1451021796110241796, '新增', '/admin/CourseClass/grade/add', 1, 1451021796210905099, '2021-10-21 00:00:00', 1451021796210905099, '2021-10-21 00:00:00', 1);
INSERT INTO `bn_sys_perm` VALUES (1451021796110241798, 1451021796110241796, '编辑', '/admin/CourseClass/grade/update', 2, 1451021796210905099, '2021-10-21 00:00:00', 1451021796210905099, '2021-10-21 00:00:00', 1);
INSERT INTO `bn_sys_perm` VALUES (1451021796110241799, 1451021796110241796, '删除', '/admin/CourseClass/grade/delete', 3, 1451021796210905099, '2021-10-21 00:00:00', 1451021796210905099, '2021-10-21 00:00:00', 1);
INSERT INTO `bn_sys_perm` VALUES (1451021796110241800, 1451021796110241796, '同步缓存', '/admin/CourseClass/grade/reloadCachedData', 4, 1451021796210905099, '2021-10-21 00:00:00', 1451021796210905099, '2021-10-21 00:00:00', 1);
INSERT INTO `bn_sys_perm` VALUES (1451021796110241802, 1451021796110241801, '显示列表', '/admin/upms/sysOperationLog/list', 1, 1451021796210905099, '2021-10-21 00:00:00', 1451021796210905099, '2021-10-21 00:00:00', 1);
INSERT INTO `bn_sys_perm` VALUES (1451021796110241804, 1451021796110241803, '显示列表', '/admin/upms/loginUser/list', 1, 1451021796210905099, '2021-10-21 00:00:00', 1451021796210905099, '2021-10-21 00:00:00', 1);
INSERT INTO `bn_sys_perm` VALUES (1451021796110241805, 1451021796110241803, '删除', '/admin/upms/loginUser/delete', 1, 1451021796210905099, '2021-10-21 00:00:00', 1451021796210905099, '2021-10-21 00:00:00', 1);
COMMIT;

-- ----------------------------
-- Table structure for bn_sys_perm_code
-- ----------------------------
DROP TABLE IF EXISTS `bn_sys_perm_code`;
CREATE TABLE `bn_sys_perm_code` (
  `perm_code_id` bigint(20) NOT NULL COMMENT '主键Id',
  `parent_id` bigint(20) DEFAULT NULL COMMENT '上级权限字Id',
  `perm_code` varchar(128) CHARACTER SET utf8 COLLATE utf8_bin NOT NULL COMMENT '权限字标识(一般为有含义的英文字符串)',
  `perm_code_type` int(11) NOT NULL COMMENT '类型(0: 表单 1: UI片段 2: 操作)',
  `show_name` varchar(128) CHARACTER SET utf8 COLLATE utf8_bin NOT NULL COMMENT '显示名称',
  `show_order` int(11) NOT NULL COMMENT '显示顺序(数值越小，越靠前)',
  `create_user_id` bigint(20) NOT NULL COMMENT '创建者Id',
  `create_time` datetime NOT NULL COMMENT '创建时间',
  `update_user_id` bigint(20) NOT NULL COMMENT '更新者Id',
  `update_time` datetime NOT NULL COMMENT '最后更新时间',
  `deleted_flag` int(11) NOT NULL COMMENT '逻辑删除标记(1: 正常 -1: 已删除)',
  PRIMARY KEY (`perm_code_id`),
  UNIQUE KEY `idx_perm_code` (`perm_code`) USING BTREE,
  KEY `idx_parent_id` (`parent_id`) USING BTREE,
  KEY `idx_show_order` (`show_order`) USING BTREE
) ENGINE=InnoDB DEFAULT CHARSET=utf8mb4 COLLATE=utf8mb4_bin ROW_FORMAT=COMPACT COMMENT='系统权限资源表';

-- ----------------------------
-- Records of bn_sys_perm_code
-- ----------------------------
BEGIN;
INSERT INTO `bn_sys_perm_code` VALUES (1451021796185739264, NULL, 'formStudent', 0, '学生管理', 0, 1451021796210905099, '2021-10-21 00:00:00', 1451021796210905099, '2021-10-21 00:00:00', 1);
INSERT INTO `bn_sys_perm_code` VALUES (1451021796185739265, 1451021796185739264, 'formStudent:formStudent', 1, '学生管理', 0, 1451021796210905099, '2021-10-21 00:00:00', 1451021796210905099, '2021-10-21 00:00:00', 1);
INSERT INTO `bn_sys_perm_code` VALUES (1451021796185739266, 1451021796185739265, 'formStudent:formStudent:formCreateStudent', 2, '新建', 0, 1451021796210905099, '2021-10-21 00:00:00', 1451021796210905099, '2021-10-21 00:00:00', 1);
INSERT INTO `bn_sys_perm_code` VALUES (1451021796185739267, 1451021796185739265, 'formStudent:formStudent:formEditStudent', 2, '编辑', 10, 1451021796210905099, '2021-10-21 00:00:00', 1451021796210905099, '2021-10-21 00:00:00', 1);
INSERT INTO `bn_sys_perm_code` VALUES (1451021796185739268, 1451021796185739265, 'formStudent:formStudent:delete', 2, '删除', 20, 1451021796210905099, '2021-10-21 00:00:00', 1451021796210905099, '2021-10-21 00:00:00', 1);
INSERT INTO `bn_sys_perm_code` VALUES (1451021796185739269, NULL, 'formCreateStudent', 0, '新建学生', 10, 1451021796210905099, '2021-10-21 00:00:00', 1451021796210905099, '2021-10-21 00:00:00', 1);
INSERT INTO `bn_sys_perm_code` VALUES (1451021796185739270, 1451021796185739269, 'formCreateStudent:formCreateStudent', 1, '新建学生', 0, 1451021796210905099, '2021-10-21 00:00:00', 1451021796210905099, '2021-10-21 00:00:00', 1);
INSERT INTO `bn_sys_perm_code` VALUES (1451021796185739271, 1451021796185739270, 'formCreateStudent:formCreateStudent:cancel', 2, '取消', 0, 1451021796210905099, '2021-10-21 00:00:00', 1451021796210905099, '2021-10-21 00:00:00', 1);
INSERT INTO `bn_sys_perm_code` VALUES (1451021796185739272, 1451021796185739270, 'formCreateStudent:formCreateStudent:add', 2, '新增', 10, 1451021796210905099, '2021-10-21 00:00:00', 1451021796210905099, '2021-10-21 00:00:00', 1);
INSERT INTO `bn_sys_perm_code` VALUES (1451021796189933568, NULL, 'formEditStudent', 0, '编辑学生', 20, 1451021796210905099, '2021-10-21 00:00:00', 1451021796210905099, '2021-10-21 00:00:00', 1);
INSERT INTO `bn_sys_perm_code` VALUES (1451021796189933569, 1451021796189933568, 'formEditStudent:formEditStudent', 1, '编辑学生', 0, 1451021796210905099, '2021-10-21 00:00:00', 1451021796210905099, '2021-10-21 00:00:00', 1);
INSERT INTO `bn_sys_perm_code` VALUES (1451021796189933570, 1451021796189933569, 'formEditStudent:formEditStudent:cancel', 2, '取消', 0, 1451021796210905099, '2021-10-21 00:00:00', 1451021796210905099, '2021-10-21 00:00:00', 1);
INSERT INTO `bn_sys_perm_code` VALUES (1451021796189933571, 1451021796189933569, 'formEditStudent:formEditStudent:update', 2, '保存', 10, 1451021796210905099, '2021-10-21 00:00:00', 1451021796210905099, '2021-10-21 00:00:00', 1);
INSERT INTO `bn_sys_perm_code` VALUES (1451021796189933572, NULL, 'formCourse', 0, '课程管理', 30, 1451021796210905099, '2021-10-21 00:00:00', 1451021796210905099, '2021-10-21 00:00:00', 1);
INSERT INTO `bn_sys_perm_code` VALUES (1451021796189933573, 1451021796189933572, 'formCourse:formCourse', 1, '课程管理', 0, 1451021796210905099, '2021-10-21 00:00:00', 1451021796210905099, '2021-10-21 00:00:00', 1);
INSERT INTO `bn_sys_perm_code` VALUES (1451021796189933574, 1451021796189933573, 'formCourse:formCourse:formCreateCourse', 2, '新建', 0, 1451021796210905099, '2021-10-21 00:00:00', 1451021796210905099, '2021-10-21 00:00:00', 1);
INSERT INTO `bn_sys_perm_code` VALUES (1451021796189933575, 1451021796189933573, 'formCourse:formCourse:formEditCourse', 2, '编辑', 10, 1451021796210905099, '2021-10-21 00:00:00', 1451021796210905099, '2021-10-21 00:00:00', 1);
INSERT INTO `bn_sys_perm_code` VALUES (1451021796189933576, 1451021796189933573, 'formCourse:formCourse:delete', 2, '删除', 20, 1451021796210905099, '2021-10-21 00:00:00', 1451021796210905099, '2021-10-21 00:00:00', 1);
INSERT INTO `bn_sys_perm_code` VALUES (1451021796189933577, NULL, 'formCreateCourse', 0, '新建课程', 40, 1451021796210905099, '2021-10-21 00:00:00', 1451021796210905099, '2021-10-21 00:00:00', 1);
INSERT INTO `bn_sys_perm_code` VALUES (1451021796189933578, 1451021796189933577, 'formCreateCourse:formCreateCourse', 1, '新建课程', 0, 1451021796210905099, '2021-10-21 00:00:00', 1451021796210905099, '2021-10-21 00:00:00', 1);
INSERT INTO `bn_sys_perm_code` VALUES (1451021796189933579, 1451021796189933578, 'formCreateCourse:formCreateCourse:cancel', 2, '取消', 0, 1451021796210905099, '2021-10-21 00:00:00', 1451021796210905099, '2021-10-21 00:00:00', 1);
INSERT INTO `bn_sys_perm_code` VALUES (1451021796189933580, 1451021796189933578, 'formCreateCourse:formCreateCourse:add', 2, '保存', 10, 1451021796210905099, '2021-10-21 00:00:00', 1451021796210905099, '2021-10-21 00:00:00', 1);
INSERT INTO `bn_sys_perm_code` VALUES (1451021796189933581, NULL, 'formEditCourse', 0, '编辑课程', 50, 1451021796210905099, '2021-10-21 00:00:00', 1451021796210905099, '2021-10-21 00:00:00', 1);
INSERT INTO `bn_sys_perm_code` VALUES (1451021796189933582, 1451021796189933581, 'formEditCourse:formEditCourse', 1, '编辑课程', 0, 1451021796210905099, '2021-10-21 00:00:00', 1451021796210905099, '2021-10-21 00:00:00', 1);
INSERT INTO `bn_sys_perm_code` VALUES (1451021796189933583, 1451021796189933582, 'formEditCourse:formEditCourse:cancel', 2, '取消', 0, 1451021796210905099, '2021-10-21 00:00:00', 1451021796210905099, '2021-10-21 00:00:00', 1);
INSERT INTO `bn_sys_perm_code` VALUES (1451021796189933584, 1451021796189933582, 'formEditCourse:formEditCourse:update', 2, '保存', 10, 1451021796210905099, '2021-10-21 00:00:00', 1451021796210905099, '2021-10-21 00:00:00', 1);
INSERT INTO `bn_sys_perm_code` VALUES (1451021796189933585, NULL, 'formCourseStats', 0, '课程统计', 60, 1451021796210905099, '2021-10-21 00:00:00', 1451021796210905099, '2021-10-21 00:00:00', 1);
INSERT INTO `bn_sys_perm_code` VALUES (1451021796189933586, 1451021796189933585, 'formCourseStats:formCourseStats', 1, '课程统计', 0, 1451021796210905099, '2021-10-21 00:00:00', 1451021796210905099, '2021-10-21 00:00:00', 1);
INSERT INTO `bn_sys_perm_code` VALUES (1451021796189933587, NULL, 'formStudentActionStats', 0, '学生行为统计', 70, 1451021796210905099, '2021-10-21 00:00:00', 1451021796210905099, '2021-10-21 00:00:00', 1);
INSERT INTO `bn_sys_perm_code` VALUES (1451021796189933588, 1451021796189933587, 'formStudentActionStats:formStudentActionStats', 1, '学生行为统计', 0, 1451021796210905099, '2021-10-21 00:00:00', 1451021796210905099, '2021-10-21 00:00:00', 1);
INSERT INTO `bn_sys_perm_code` VALUES (1451021796189933589, 1451021796189933588, 'formStudentActionStats:formStudentActionStats:formBuyCourseDetail', 2, '学生行为详情', 0, 1451021796210905099, '2021-10-21 00:00:00', 1451021796210905099, '2021-10-21 00:00:00', 1);
INSERT INTO `bn_sys_perm_code` VALUES (1451021796189933590, 1451021796189933588, 'formStudentActionStats:formStudentActionStats:formBuyVideoDetail', 2, '学生行为详情', 10, 1451021796210905099, '2021-10-21 00:00:00', 1451021796210905099, '2021-10-21 00:00:00', 1);
INSERT INTO `bn_sys_perm_code` VALUES (1451021796189933591, 1451021796189933588, 'formStudentActionStats:formStudentActionStats:formBuyFlowerDetail', 2, '学生行为详情', 20, 1451021796210905099, '2021-10-21 00:00:00', 1451021796210905099, '2021-10-21 00:00:00', 1);
INSERT INTO `bn_sys_perm_code` VALUES (1451021796189933592, 1451021796189933588, 'formStudentActionStats:formStudentActionStats:formBuyPaperDetail', 2, '学生行为详情', 30, 1451021796210905099, '2021-10-21 00:00:00', 1451021796210905099, '2021-10-21 00:00:00', 1);
INSERT INTO `bn_sys_perm_code` VALUES (1451021796189933593, 1451021796189933588, 'formStudentActionStats:formStudentActionStats:formBuyCoinDetail', 2, '学生行为详情', 40, 1451021796210905099, '2021-10-21 00:00:00', 1451021796210905099, '2021-10-21 00:00:00', 1);
INSERT INTO `bn_sys_perm_code` VALUES (1451021796189933594, 1451021796189933588, 'formStudentActionStats:formStudentActionStats:formDoCourseDetail', 2, '学生行为详情', 50, 1451021796210905099, '2021-10-21 00:00:00', 1451021796210905099, '2021-10-21 00:00:00', 1);
INSERT INTO `bn_sys_perm_code` VALUES (1451021796189933595, 1451021796189933588, 'formStudentActionStats:formStudentActionStats:formWatchVideoDetail', 2, '学生行为详情', 60, 1451021796210905099, '2021-10-21 00:00:00', 1451021796210905099, '2021-10-21 00:00:00', 1);
INSERT INTO `bn_sys_perm_code` VALUES (1451021796189933596, 1451021796189933588, 'formStudentActionStats:formStudentActionStats:formRfreshDetail', 2, '学生行为详情', 70, 1451021796210905099, '2021-10-21 00:00:00', 1451021796210905099, '2021-10-21 00:00:00', 1);
INSERT INTO `bn_sys_perm_code` VALUES (1451021796189933597, NULL, 'formStudentActionDetail', 0, '学生行为详情', 80, 1451021796210905099, '2021-10-21 00:00:00', 1451021796210905099, '2021-10-21 00:00:00', 1);
INSERT INTO `bn_sys_perm_code` VALUES (1451021796189933598, 1451021796189933597, 'formStudentActionDetail:formStudentActionDetail', 1, '学生行为详情', 0, 1451021796210905099, '2021-10-21 00:00:00', 1451021796210905099, '2021-10-21 00:00:00', 1);
INSERT INTO `bn_sys_perm_code` VALUES (1451021796189933599, NULL, 'formCreateClass', 0, '新建班级', 90, 1451021796210905099, '2021-10-21 00:00:00', 1451021796210905099, '2021-10-21 00:00:00', 1);
INSERT INTO `bn_sys_perm_code` VALUES (1451021796189933600, 1451021796189933599, 'formCreateClass:formCreateClass', 1, '新建班级', 0, 1451021796210905099, '2021-10-21 00:00:00', 1451021796210905099, '2021-10-21 00:00:00', 1);
INSERT INTO `bn_sys_perm_code` VALUES (1451021796189933601, 1451021796189933600, 'formCreateClass:formCreateClass:cancel', 2, '取消', 0, 1451021796210905099, '2021-10-21 00:00:00', 1451021796210905099, '2021-10-21 00:00:00', 1);
INSERT INTO `bn_sys_perm_code` VALUES (1451021796189933602, 1451021796189933600, 'formCreateClass:formCreateClass:add', 2, '保存', 10, 1451021796210905099, '2021-10-21 00:00:00', 1451021796210905099, '2021-10-21 00:00:00', 1);
INSERT INTO `bn_sys_perm_code` VALUES (1451021796189933603, NULL, 'formEditClass', 0, '编辑班级', 100, 1451021796210905099, '2021-10-21 00:00:00', 1451021796210905099, '2021-10-21 00:00:00', 1);
INSERT INTO `bn_sys_perm_code` VALUES (1451021796189933604, 1451021796189933603, 'formEditClass:formEditClass', 1, '编辑班级', 0, 1451021796210905099, '2021-10-21 00:00:00', 1451021796210905099, '2021-10-21 00:00:00', 1);
INSERT INTO `bn_sys_perm_code` VALUES (1451021796189933605, 1451021796189933604, 'formEditClass:formEditClass:cancel', 2, '取消', 0, 1451021796210905099, '2021-10-21 00:00:00', 1451021796210905099, '2021-10-21 00:00:00', 1);
INSERT INTO `bn_sys_perm_code` VALUES (1451021796189933606, 1451021796189933604, 'formEditClass:formEditClass:update', 2, '保存', 10, 1451021796210905099, '2021-10-21 00:00:00', 1451021796210905099, '2021-10-21 00:00:00', 1);
INSERT INTO `bn_sys_perm_code` VALUES (1451021796189933607, NULL, 'formEditClassCourseOrder', 0, '编辑课程顺序', 110, 1451021796210905099, '2021-10-21 00:00:00', 1451021796210905099, '2021-10-21 00:00:00', 1);
INSERT INTO `bn_sys_perm_code` VALUES (1451021796189933608, 1451021796189933607, 'formEditClassCourseOrder:formEditClassCourseOrder', 1, '编辑课程顺序', 0, 1451021796210905099, '2021-10-21 00:00:00', 1451021796210905099, '2021-10-21 00:00:00', 1);
INSERT INTO `bn_sys_perm_code` VALUES (1451021796189933609, 1451021796189933608, 'formEditClassCourseOrder:formEditClassCourseOrder:cancel', 2, '取消', 0, 1451021796210905099, '2021-10-21 00:00:00', 1451021796210905099, '2021-10-21 00:00:00', 1);
INSERT INTO `bn_sys_perm_code` VALUES (1451021796189933610, 1451021796189933608, 'formEditClassCourseOrder:formEditClassCourseOrder:updateClassCourse', 2, '保存', 10, 1451021796210905099, '2021-10-21 00:00:00', 1451021796210905099, '2021-10-21 00:00:00', 1);
INSERT INTO `bn_sys_perm_code` VALUES (1451021796189933611, NULL, 'formSetClassStudent', 0, '设置班级学生', 120, 1451021796210905099, '2021-10-21 00:00:00', 1451021796210905099, '2021-10-21 00:00:00', 1);
INSERT INTO `bn_sys_perm_code` VALUES (1451021796189933612, 1451021796189933611, 'formSetClassStudent:formSetClassStudent', 1, '设置班级学生', 0, 1451021796210905099, '2021-10-21 00:00:00', 1451021796210905099, '2021-10-21 00:00:00', 1);
INSERT INTO `bn_sys_perm_code` VALUES (1451021796189933613, 1451021796189933612, 'formSetClassStudent:formSetClassStudent:addClassStudent', 2, '添加', 0, 1451021796210905099, '2021-10-21 00:00:00', 1451021796210905099, '2021-10-21 00:00:00', 1);
INSERT INTO `bn_sys_perm_code` VALUES (1451021796189933614, NULL, 'formSetClassCourse', 0, '设置班级课程', 130, 1451021796210905099, '2021-10-21 00:00:00', 1451021796210905099, '2021-10-21 00:00:00', 1);
INSERT INTO `bn_sys_perm_code` VALUES (1451021796189933615, 1451021796189933614, 'formSetClassCourse:formSetClassCourse', 1, '设置班级课程', 0, 1451021796210905099, '2021-10-21 00:00:00', 1451021796210905099, '2021-10-21 00:00:00', 1);
INSERT INTO `bn_sys_perm_code` VALUES (1451021796189933616, 1451021796189933615, 'formSetClassCourse:formSetClassCourse:addClassCourse', 2, '添加', 0, 1451021796210905099, '2021-10-21 00:00:00', 1451021796210905099, '2021-10-21 00:00:00', 1);
INSERT INTO `bn_sys_perm_code` VALUES (1451021796189933617, NULL, 'formClass', 0, '班级管理', 140, 1451021796210905099, '2021-10-21 00:00:00', 1451021796210905099, '2021-10-21 00:00:00', 1);
INSERT INTO `bn_sys_perm_code` VALUES (1451021796189933618, 1451021796189933617, 'formClass:formClass', 1, '班级管理', 0, 1451021796210905099, '2021-10-21 00:00:00', 1451021796210905099, '2021-10-21 00:00:00', 1);
INSERT INTO `bn_sys_perm_code` VALUES (1451021796189933619, 1451021796189933618, 'formClass:formClass:formSetClassCourse', 2, '设置班级课程', 0, 1451021796210905099, '2021-10-21 00:00:00', 1451021796210905099, '2021-10-21 00:00:00', 1);
INSERT INTO `bn_sys_perm_code` VALUES (1451021796189933620, 1451021796189933618, 'formClass:formClass:formEditClass', 2, '编辑', 10, 1451021796210905099, '2021-10-21 00:00:00', 1451021796210905099, '2021-10-21 00:00:00', 1);
INSERT INTO `bn_sys_perm_code` VALUES (1451021796189933621, 1451021796189933618, 'formClass:formClass:delete', 2, '删除', 20, 1451021796210905099, '2021-10-21 00:00:00', 1451021796210905099, '2021-10-21 00:00:00', 1);
INSERT INTO `bn_sys_perm_code` VALUES (1451021796189933622, 1451021796189933618, 'formClass:formClass:deleteClassCourse', 2, '移除', 30, 1451021796210905099, '2021-10-21 00:00:00', 1451021796210905099, '2021-10-21 00:00:00', 1);
INSERT INTO `bn_sys_perm_code` VALUES (1451021796189933623, 1451021796189933618, 'formClass:formClass:formEditClassCourseOrder', 2, '课程顺序', 40, 1451021796210905099, '2021-10-21 00:00:00', 1451021796210905099, '2021-10-21 00:00:00', 1);
INSERT INTO `bn_sys_perm_code` VALUES (1451021796189933624, 1451021796189933618, 'formClass:formClass:deleteClassStudent', 2, '移除', 50, 1451021796210905099, '2021-10-21 00:00:00', 1451021796210905099, '2021-10-21 00:00:00', 1);
INSERT INTO `bn_sys_perm_code` VALUES (1451021796189933625, 1451021796189933618, 'formClass:formClass:formSetClassStudent', 2, '设置班级学生', 60, 1451021796210905099, '2021-10-21 00:00:00', 1451021796210905099, '2021-10-21 00:00:00', 1);
INSERT INTO `bn_sys_perm_code` VALUES (1451021796189933626, 1451021796189933618, 'formClass:formClass:formCreateClass', 2, '新建', 70, 1451021796210905099, '2021-10-21 00:00:00', 1451021796210905099, '2021-10-21 00:00:00', 1);
INSERT INTO `bn_sys_perm_code` VALUES (1451021796189933635, NULL, 'formSysUser', 0, '用户管理', 10000, 1451021796210905099, '2021-10-21 00:00:00', 1451021796210905099, '2021-10-21 00:00:00', 1);
INSERT INTO `bn_sys_perm_code` VALUES (1451021796189933636, 1451021796189933635, 'formSysUser:fragmentSysUser', 1, '用户管理', 1, 1451021796210905099, '2021-10-21 00:00:00', 1451021796210905099, '2021-10-21 00:00:00', 1);
INSERT INTO `bn_sys_perm_code` VALUES (1451021796189933637, 1451021796189933636, 'formSysUser:fragmentSysUser:add', 2, '新增', 1, 1451021796210905099, '2021-10-21 00:00:00', 1451021796210905099, '2021-10-21 00:00:00', 1);
INSERT INTO `bn_sys_perm_code` VALUES (1451021796189933638, 1451021796189933636, 'formSysUser:fragmentSysUser:update', 2, '编辑', 2, 1451021796210905099, '2021-10-21 00:00:00', 1451021796210905099, '2021-10-21 00:00:00', 1);
INSERT INTO `bn_sys_perm_code` VALUES (1451021796189933639, 1451021796189933636, 'formSysUser:fragmentSysUser:delete', 2, '删除', 3, 1451021796210905099, '2021-10-21 00:00:00', 1451021796210905099, '2021-10-21 00:00:00', 1);
INSERT INTO `bn_sys_perm_code` VALUES (1451021796189933640, 1451021796189933636, 'formSysUser:fragmentSysUser:resetPassword', 2, '重置密码', 4, 1451021796210905099, '2021-10-21 00:00:00', 1451021796210905099, '2021-10-21 00:00:00', 1);
INSERT INTO `bn_sys_perm_code` VALUES (1451021796189933641, 1451021796189933636, 'formSysUser:fragmentSysUser:listSysUserPermDetail', 2, '权限详情', 5, 1451021796210905099, '2021-10-21 00:00:00', 1451021796210905099, '2021-10-21 00:00:00', 1);
INSERT INTO `bn_sys_perm_code` VALUES (1451021796194127883, NULL, 'formSysRole', 0, '角色管理', 10200, 1451021796210905099, '2021-10-21 00:00:00', 1451021796210905099, '2021-10-21 00:00:00', 1);
INSERT INTO `bn_sys_perm_code` VALUES (1451021796194127884, 1451021796194127883, 'formSysRole:fragmentSysRole', 1, '角色管理', 1, 1451021796210905099, '2021-10-21 00:00:00', 1451021796210905099, '2021-10-21 00:00:00', 1);
INSERT INTO `bn_sys_perm_code` VALUES (1451021796194127885, 1451021796194127883, 'formSysRole:fragmentSysRoleUser', 1, '用户授权', 2, 1451021796210905099, '2021-10-21 00:00:00', 1451021796210905099, '2021-10-21 00:00:00', 1);
INSERT INTO `bn_sys_perm_code` VALUES (1451021796194127886, 1451021796194127884, 'formSysRole:fragmentSysRole:add', 2, '新增', 1, 1451021796210905099, '2021-10-21 00:00:00', 1451021796210905099, '2021-10-21 00:00:00', 1);
INSERT INTO `bn_sys_perm_code` VALUES (1451021796194127887, 1451021796194127884, 'formSysRole:fragmentSysRole:update', 2, '编辑', 2, 1451021796210905099, '2021-10-21 00:00:00', 1451021796210905099, '2021-10-21 00:00:00', 1);
INSERT INTO `bn_sys_perm_code` VALUES (1451021796194127888, 1451021796194127884, 'formSysRole:fragmentSysRole:delete', 2, '删除', 3, 1451021796210905099, '2021-10-21 00:00:00', 1451021796210905099, '2021-10-21 00:00:00', 1);
INSERT INTO `bn_sys_perm_code` VALUES (1451021796194127889, 1451021796194127884, 'formSysRole:fragmentSysRole:listSysRolePermDetail', 2, '权限详情', 4, 1451021796210905099, '2021-10-21 00:00:00', 1451021796210905099, '2021-10-21 00:00:00', 1);
INSERT INTO `bn_sys_perm_code` VALUES (1451021796194127890, 1451021796194127885, 'formSysRole:fragmentSysRoleUser:addUserRole', 2, '授权用户', 1, 1451021796210905099, '2021-10-21 00:00:00', 1451021796210905099, '2021-10-21 00:00:00', 1);
INSERT INTO `bn_sys_perm_code` VALUES (1451021796194127891, 1451021796194127885, 'formSysRole:fragmentSysRoleUser:deleteUserRole', 2, '移除用户', 2, 1451021796210905099, '2021-10-21 00:00:00', 1451021796210905099, '2021-10-21 00:00:00', 1);
INSERT INTO `bn_sys_perm_code` VALUES (1451021796198322182, NULL, 'formSysMenu', 0, '菜单管理', 10600, 1451021796210905099, '2021-10-21 00:00:00', 1451021796210905099, '2021-10-21 00:00:00', 1);
INSERT INTO `bn_sys_perm_code` VALUES (1451021796198322183, 1451021796198322182, 'formSysMenu:fragmentSysMenu', 1, '菜单管理', 1, 1451021796210905099, '2021-10-21 00:00:00', 1451021796210905099, '2021-10-21 00:00:00', 1);
INSERT INTO `bn_sys_perm_code` VALUES (1451021796198322184, 1451021796198322183, 'formSysMenu:fragmentSysMenu:add', 2, '新增', 1, 1451021796210905099, '2021-10-21 00:00:00', 1451021796210905099, '2021-10-21 00:00:00', 1);
INSERT INTO `bn_sys_perm_code` VALUES (1451021796198322185, 1451021796198322183, 'formSysMenu:fragmentSysMenu:update', 2, '编辑', 2, 1451021796210905099, '2021-10-21 00:00:00', 1451021796210905099, '2021-10-21 00:00:00', 1);
INSERT INTO `bn_sys_perm_code` VALUES (1451021796198322186, 1451021796198322183, 'formSysMenu:fragmentSysMenu:delete', 2, '删除', 3, 1451021796210905099, '2021-10-21 00:00:00', 1451021796210905099, '2021-10-21 00:00:00', 1);
INSERT INTO `bn_sys_perm_code` VALUES (1451021796198322187, 1451021796198322183, 'formSysMenu:fragmentSysMenu:listSysMenuPermDetail', 2, '权限详情', 4, 1451021796210905099, '2021-10-21 00:00:00', 1451021796210905099, '2021-10-21 00:00:00', 1);
INSERT INTO `bn_sys_perm_code` VALUES (1451021796198322194, NULL, 'formSysPermCode', 0, '权限字管理', 10700, 1451021796210905099, '2021-10-21 00:00:00', 1451021796210905099, '2021-10-21 00:00:00', 1);
INSERT INTO `bn_sys_perm_code` VALUES (1451021796198322195, 1451021796198322194, 'formSysPermCode:fragmentSysPermCode', 1, '权限字管理', 1, 1451021796210905099, '2021-10-21 00:00:00', 1451021796210905099, '2021-10-21 00:00:00', 1);
INSERT INTO `bn_sys_perm_code` VALUES (1451021796198322196, 1451021796198322195, 'formSysPermCode:fragmentSysPermCode:add', 2, '新增', 1, 1451021796210905099, '2021-10-21 00:00:00', 1451021796210905099, '2021-10-21 00:00:00', 1);
INSERT INTO `bn_sys_perm_code` VALUES (1451021796198322197, 1451021796198322195, 'formSysPermCode:fragmentSysPermCode:update', 2, '编辑', 2, 1451021796210905099, '2021-10-21 00:00:00', 1451021796210905099, '2021-10-21 00:00:00', 1);
INSERT INTO `bn_sys_perm_code` VALUES (1451021796198322198, 1451021796198322195, 'formSysPermCode:fragmentSysPermCode:delete', 2, '删除', 3, 1451021796210905099, '2021-10-21 00:00:00', 1451021796210905099, '2021-10-21 00:00:00', 1);
INSERT INTO `bn_sys_perm_code` VALUES (1451021796198322199, 1451021796198322195, 'formSysPermCode:fragmentSysPermCode:listSysPermCodePermDetail', 2, '权限详情', 4, 1451021796210905099, '2021-10-21 00:00:00', 1451021796210905099, '2021-10-21 00:00:00', 1);
INSERT INTO `bn_sys_perm_code` VALUES (1451021796198322209, NULL, 'formSysPerm', 0, '权限管理', 10800, 1451021796210905099, '2021-10-21 00:00:00', 1451021796210905099, '2021-10-21 00:00:00', 1);
INSERT INTO `bn_sys_perm_code` VALUES (1451021796198322210, 1451021796198322209, 'formSysPerm:fragmentSysPerm', 1, '权限管理', 1, 1451021796210905099, '2021-10-21 00:00:00', 1451021796210905099, '2021-10-21 00:00:00', 1);
INSERT INTO `bn_sys_perm_code` VALUES (1451021796198322211, 1451021796198322210, 'formSysPerm:fragmentSysPerm:addPermModule', 2, '新增模块', 1, 1451021796210905099, '2021-10-21 00:00:00', 1451021796210905099, '2021-10-21 00:00:00', 1);
INSERT INTO `bn_sys_perm_code` VALUES (1451021796198322212, 1451021796198322210, 'formSysPerm:fragmentSysPerm:updatePermModule', 2, '编辑模块', 2, 1451021796210905099, '2021-10-21 00:00:00', 1451021796210905099, '2021-10-21 00:00:00', 1);
INSERT INTO `bn_sys_perm_code` VALUES (1451021796198322213, 1451021796198322210, 'formSysPerm:fragmentSysPerm:deletePermModule', 2, '删除模块', 3, 1451021796210905099, '2021-10-21 00:00:00', 1451021796210905099, '2021-10-21 00:00:00', 1);
INSERT INTO `bn_sys_perm_code` VALUES (1451021796198322214, 1451021796198322210, 'formSysPerm:fragmentSysPerm:addPerm', 2, '新增权限', 4, 1451021796210905099, '2021-10-21 00:00:00', 1451021796210905099, '2021-10-21 00:00:00', 1);
INSERT INTO `bn_sys_perm_code` VALUES (1451021796198322215, 1451021796198322210, 'formSysPerm:fragmentSysPerm:updatePerm', 2, '编辑权限', 5, 1451021796210905099, '2021-10-21 00:00:00', 1451021796210905099, '2021-10-21 00:00:00', 1);
INSERT INTO `bn_sys_perm_code` VALUES (1451021796198322216, 1451021796198322210, 'formSysPerm:fragmentSysPerm:deletePerm', 2, '删除权限', 6, 1451021796210905099, '2021-10-21 00:00:00', 1451021796210905099, '2021-10-21 00:00:00', 1);
INSERT INTO `bn_sys_perm_code` VALUES (1451021796198322217, 1451021796198322210, 'formSysPerm:fragmentSysPerm:listSysPermPermDetail', 2, '权限详情', 7, 1451021796210905099, '2021-10-21 00:00:00', 1451021796210905099, '2021-10-21 00:00:00', 1);
INSERT INTO `bn_sys_perm_code` VALUES (1451021796202516486, NULL, 'formSysDict', 0, '字典管理', 10900, 1451021796210905099, '2021-10-21 00:00:00', 1451021796210905099, '2021-10-21 00:00:00', 1);
INSERT INTO `bn_sys_perm_code` VALUES (1451021796202516487, 1451021796202516486, 'formSysDict:fragmentSysDict', 1, '字典管理', 1, 1451021796210905099, '2021-10-21 00:00:00', 1451021796210905099, '2021-10-21 00:00:00', 1);
INSERT INTO `bn_sys_perm_code` VALUES (1451021796202516488, 1451021796202516487, 'formSysDict:fragmentSysDict:add', 2, '新增', 1, 1451021796210905099, '2021-10-21 00:00:00', 1451021796210905099, '2021-10-21 00:00:00', 1);
INSERT INTO `bn_sys_perm_code` VALUES (1451021796202516489, 1451021796202516487, 'formSysDict:fragmentSysDict:update', 2, '编辑', 2, 1451021796210905099, '2021-10-21 00:00:00', 1451021796210905099, '2021-10-21 00:00:00', 1);
INSERT INTO `bn_sys_perm_code` VALUES (1451021796202516490, 1451021796202516487, 'formSysDict:fragmentSysDict:delete', 2, '删除', 3, 1451021796210905099, '2021-10-21 00:00:00', 1451021796210905099, '2021-10-21 00:00:00', 1);
INSERT INTO `bn_sys_perm_code` VALUES (1451021796202516491, 1451021796202516487, 'formSysDict:fragmentSysDict:reloadCache', 2, '同步缓存', 4, 1451021796210905099, '2021-10-21 00:00:00', 1451021796210905099, '2021-10-21 00:00:00', 1);
INSERT INTO `bn_sys_perm_code` VALUES (1451021796206710793, NULL, 'formSysLoginUser', 0, '在线用户', 11200, 1451021796210905099, '2021-10-21 00:00:00', 1451021796210905099, '2021-10-21 00:00:00', 1);
INSERT INTO `bn_sys_perm_code` VALUES (1451021796206710794, 1451021796206710793, 'formSysLoginUser:fragmentLoginUser', 1, '在线用户', 1, 1451021796210905099, '2021-10-21 00:00:00', 1451021796210905099, '2021-10-21 00:00:00', 1);
INSERT INTO `bn_sys_perm_code` VALUES (1451021796206710795, 1451021796206710794, 'formSysLoginUser:fragmentLoginUser:delete', 2, '强制下线', 1, 1451021796210905099, '2021-10-21 00:00:00', 1451021796210905099, '2021-10-21 00:00:00', 1);
INSERT INTO `bn_sys_perm_code` VALUES (1451021796206710798, NULL, 'formSysOperationLog', 0, '操作日志', 11100, 1451021796210905099, '2021-10-21 00:00:00', 1451021796210905099, '2021-10-21 00:00:00', 1);
INSERT INTO `bn_sys_perm_code` VALUES (1451021796206710799, 1451021796206710798, 'formSysOperationLog:fragmentSysOperationLog', 1, '操作日志', 1, 1451021796210905099, '2021-10-21 00:00:00', 1451021796210905099, '2021-10-21 00:00:00', 1);
INSERT INTO `bn_sys_perm_code` VALUES (1451021796206710810, NULL, 'formSysDataPerm', 0, '数据权限管理', 10400, 1451021796210905099, '2021-10-21 00:00:00', 1451021796210905099, '2021-10-21 00:00:00', 1);
INSERT INTO `bn_sys_perm_code` VALUES (1451021796206710811, 1451021796206710810, 'formSysDataPerm:fragmentSysDataPerm', 1, '数据权限管理', 1, 1451021796210905099, '2021-10-21 00:00:00', 1451021796210905099, '2021-10-21 00:00:00', 1);
INSERT INTO `bn_sys_perm_code` VALUES (1451021796206710812, 1451021796206710810, 'formSysDataPerm:fragmentSysDataPermUser', 1, '用户授权', 2, 1451021796210905099, '2021-10-21 00:00:00', 1451021796210905099, '2021-10-21 00:00:00', 1);
INSERT INTO `bn_sys_perm_code` VALUES (1451021796206710813, 1451021796206710811, 'formSysDataPerm:fragmentSysDataPerm:add', 2, '新增', 1, 1451021796210905099, '2021-10-21 00:00:00', 1451021796210905099, '2021-10-21 00:00:00', 1);
INSERT INTO `bn_sys_perm_code` VALUES (1451021796206710814, 1451021796206710811, 'formSysDataPerm:fragmentSysDataPerm:update', 2, '编辑', 2, 1451021796210905099, '2021-10-21 00:00:00', 1451021796210905099, '2021-10-21 00:00:00', 1);
INSERT INTO `bn_sys_perm_code` VALUES (1451021796206710815, 1451021796206710811, 'formSysDataPerm:fragmentSysDataPerm:delete', 2, '删除', 3, 1451021796210905099, '2021-10-21 00:00:00', 1451021796210905099, '2021-10-21 00:00:00', 1);
INSERT INTO `bn_sys_perm_code` VALUES (1451021796206710816, 1451021796206710812, 'formSysDataPerm:fragmentSysDataPermUser:addDataPermUser', 2, '授权用户', 1, 1451021796210905099, '2021-10-21 00:00:00', 1451021796210905099, '2021-10-21 00:00:00', 1);
INSERT INTO `bn_sys_perm_code` VALUES (1451021796206710817, 1451021796206710812, 'formSysDataPerm:fragmentSysDataPermUser:deleteDataPermUser', 2, '移除用户', 2, 1451021796210905099, '2021-10-21 00:00:00', 1451021796210905099, '2021-10-21 00:00:00', 1);
INSERT INTO `bn_sys_perm_code` VALUES (1451021796210905093, NULL, 'formSysDept', 0, '部门管理', 10100, 1451021796210905099, '2021-10-21 00:00:00', 1451021796210905099, '2021-10-21 00:00:00', 1);
INSERT INTO `bn_sys_perm_code` VALUES (1451021796210905094, 1451021796210905093, 'formSysDept:fragmentSysDept', 1, '部门管理', 1, 1451021796210905099, '2021-10-21 00:00:00', 1451021796210905099, '2021-10-21 00:00:00', 1);
INSERT INTO `bn_sys_perm_code` VALUES (1451021796210905095, 1451021796210905094, 'formSysDept:fragmentSysDept:add', 2, '新增', 1, 1451021796210905099, '2021-10-21 00:00:00', 1451021796210905099, '2021-10-21 00:00:00', 1);
INSERT INTO `bn_sys_perm_code` VALUES (1451021796210905096, 1451021796210905094, 'formSysDept:fragmentSysDept:update', 2, '编辑', 2, 1451021796210905099, '2021-10-21 00:00:00', 1451021796210905099, '2021-10-21 00:00:00', 1);
INSERT INTO `bn_sys_perm_code` VALUES (1451021796210905097, 1451021796210905094, 'formSysDept:fragmentSysDept:delete', 2, '删除', 3, 1451021796210905099, '2021-10-21 00:00:00', 1451021796210905099, '2021-10-21 00:00:00', 1);
COMMIT;

-- ----------------------------
-- Table structure for bn_sys_perm_code_perm
-- ----------------------------
DROP TABLE IF EXISTS `bn_sys_perm_code_perm`;
CREATE TABLE `bn_sys_perm_code_perm` (
  `perm_code_id` bigint(20) NOT NULL COMMENT '权限字Id',
  `perm_id` bigint(20) NOT NULL COMMENT '权限id',
  PRIMARY KEY (`perm_code_id`,`perm_id`),
  KEY `idx_perm_id` (`perm_id`) USING BTREE
) ENGINE=InnoDB DEFAULT CHARSET=utf8mb4 COLLATE=utf8mb4_bin ROW_FORMAT=COMPACT COMMENT='系统权限字和权限资源关联表';

-- ----------------------------
-- Records of bn_sys_perm_code_perm
-- ----------------------------
BEGIN;
INSERT INTO `bn_sys_perm_code_perm` VALUES (1451021796189933580, 1451021796106047488);
INSERT INTO `bn_sys_perm_code_perm` VALUES (1451021796189933584, 1451021796106047489);
INSERT INTO `bn_sys_perm_code_perm` VALUES (1451021796189933576, 1451021796106047490);
INSERT INTO `bn_sys_perm_code_perm` VALUES (1451021796189933573, 1451021796106047491);
INSERT INTO `bn_sys_perm_code_perm` VALUES (1451021796189933582, 1451021796106047493);
INSERT INTO `bn_sys_perm_code_perm` VALUES (1451021796189933580, 1451021796106047495);
INSERT INTO `bn_sys_perm_code_perm` VALUES (1451021796189933584, 1451021796106047495);
INSERT INTO `bn_sys_perm_code_perm` VALUES (1451021796189933573, 1451021796106047496);
INSERT INTO `bn_sys_perm_code_perm` VALUES (1451021796189933582, 1451021796106047496);
INSERT INTO `bn_sys_perm_code_perm` VALUES (1451021796185739272, 1451021796106047498);
INSERT INTO `bn_sys_perm_code_perm` VALUES (1451021796189933571, 1451021796106047499);
INSERT INTO `bn_sys_perm_code_perm` VALUES (1451021796185739268, 1451021796106047500);
INSERT INTO `bn_sys_perm_code_perm` VALUES (1451021796185739265, 1451021796106047501);
INSERT INTO `bn_sys_perm_code_perm` VALUES (1451021796189933569, 1451021796106047503);
INSERT INTO `bn_sys_perm_code_perm` VALUES (1451021796210905095, 1451021796106047506);
INSERT INTO `bn_sys_perm_code_perm` VALUES (1451021796210905096, 1451021796106047507);
INSERT INTO `bn_sys_perm_code_perm` VALUES (1451021796210905097, 1451021796106047508);
INSERT INTO `bn_sys_perm_code_perm` VALUES (1451021796189933637, 1451021796106047509);
INSERT INTO `bn_sys_perm_code_perm` VALUES (1451021796189933638, 1451021796106047509);
INSERT INTO `bn_sys_perm_code_perm` VALUES (1451021796210905094, 1451021796106047509);
INSERT INTO `bn_sys_perm_code_perm` VALUES (1451021796210905094, 1451021796106047510);
INSERT INTO `bn_sys_perm_code_perm` VALUES (1451021796210905096, 1451021796106047511);
INSERT INTO `bn_sys_perm_code_perm` VALUES (1451021796210905096, 1451021796106047512);
INSERT INTO `bn_sys_perm_code_perm` VALUES (1451021796189933637, 1451021796106047514);
INSERT INTO `bn_sys_perm_code_perm` VALUES (1451021796189933638, 1451021796106047515);
INSERT INTO `bn_sys_perm_code_perm` VALUES (1451021796189933639, 1451021796106047516);
INSERT INTO `bn_sys_perm_code_perm` VALUES (1451021796189933636, 1451021796106047517);
INSERT INTO `bn_sys_perm_code_perm` VALUES (1451021796189933636, 1451021796106047518);
INSERT INTO `bn_sys_perm_code_perm` VALUES (1451021796189933638, 1451021796106047519);
INSERT INTO `bn_sys_perm_code_perm` VALUES (1451021796189933638, 1451021796106047520);
INSERT INTO `bn_sys_perm_code_perm` VALUES (1451021796189933640, 1451021796106047521);
INSERT INTO `bn_sys_perm_code_perm` VALUES (1451021796189933641, 1451021796106047522);
INSERT INTO `bn_sys_perm_code_perm` VALUES (1451021796189933641, 1451021796106047523);
INSERT INTO `bn_sys_perm_code_perm` VALUES (1451021796189933641, 1451021796106047524);
INSERT INTO `bn_sys_perm_code_perm` VALUES (1451021796189933602, 1451021796106047526);
INSERT INTO `bn_sys_perm_code_perm` VALUES (1451021796189933606, 1451021796106047527);
INSERT INTO `bn_sys_perm_code_perm` VALUES (1451021796189933621, 1451021796106047528);
INSERT INTO `bn_sys_perm_code_perm` VALUES (1451021796189933618, 1451021796106047529);
INSERT INTO `bn_sys_perm_code_perm` VALUES (1451021796189933604, 1451021796106047531);
INSERT INTO `bn_sys_perm_code_perm` VALUES (1451021796189933616, 1451021796106047533);
INSERT INTO `bn_sys_perm_code_perm` VALUES (1451021796189933608, 1451021796106047534);
INSERT INTO `bn_sys_perm_code_perm` VALUES (1451021796189933610, 1451021796106047535);
INSERT INTO `bn_sys_perm_code_perm` VALUES (1451021796189933622, 1451021796106047536);
INSERT INTO `bn_sys_perm_code_perm` VALUES (1451021796189933618, 1451021796106047537);
INSERT INTO `bn_sys_perm_code_perm` VALUES (1451021796189933615, 1451021796106047538);
INSERT INTO `bn_sys_perm_code_perm` VALUES (1451021796189933613, 1451021796106047539);
INSERT INTO `bn_sys_perm_code_perm` VALUES (1451021796189933624, 1451021796106047540);
INSERT INTO `bn_sys_perm_code_perm` VALUES (1451021796189933618, 1451021796106047541);
INSERT INTO `bn_sys_perm_code_perm` VALUES (1451021796189933612, 1451021796106047542);
INSERT INTO `bn_sys_perm_code_perm` VALUES (1451021796189933586, 1451021796106047544);
INSERT INTO `bn_sys_perm_code_perm` VALUES (1451021796189933586, 1451021796106047545);
INSERT INTO `bn_sys_perm_code_perm` VALUES (1451021796189933588, 1451021796106047550);
INSERT INTO `bn_sys_perm_code_perm` VALUES (1451021796189933588, 1451021796106047551);
INSERT INTO `bn_sys_perm_code_perm` VALUES (1451021796189933598, 1451021796106047559);
INSERT INTO `bn_sys_perm_code_perm` VALUES (1451021796194127886, 1451021796106047564);
INSERT INTO `bn_sys_perm_code_perm` VALUES (1451021796194127887, 1451021796106047565);
INSERT INTO `bn_sys_perm_code_perm` VALUES (1451021796194127888, 1451021796106047566);
INSERT INTO `bn_sys_perm_code_perm` VALUES (1451021796189933637, 1451021796106047567);
INSERT INTO `bn_sys_perm_code_perm` VALUES (1451021796189933638, 1451021796106047567);
INSERT INTO `bn_sys_perm_code_perm` VALUES (1451021796194127884, 1451021796106047567);
INSERT INTO `bn_sys_perm_code_perm` VALUES (1451021796194127887, 1451021796106047568);
INSERT INTO `bn_sys_perm_code_perm` VALUES (1451021796194127890, 1451021796106047569);
INSERT INTO `bn_sys_perm_code_perm` VALUES (1451021796194127891, 1451021796106047570);
INSERT INTO `bn_sys_perm_code_perm` VALUES (1451021796194127885, 1451021796106047571);
INSERT INTO `bn_sys_perm_code_perm` VALUES (1451021796194127890, 1451021796106047572);
INSERT INTO `bn_sys_perm_code_perm` VALUES (1451021796194127889, 1451021796106047573);
INSERT INTO `bn_sys_perm_code_perm` VALUES (1451021796194127889, 1451021796106047574);
INSERT INTO `bn_sys_perm_code_perm` VALUES (1451021796206710813, 1451021796106047576);
INSERT INTO `bn_sys_perm_code_perm` VALUES (1451021796206710814, 1451021796106047577);
INSERT INTO `bn_sys_perm_code_perm` VALUES (1451021796206710815, 1451021796106047578);
INSERT INTO `bn_sys_perm_code_perm` VALUES (1451021796189933637, 1451021796106047579);
INSERT INTO `bn_sys_perm_code_perm` VALUES (1451021796189933638, 1451021796106047579);
INSERT INTO `bn_sys_perm_code_perm` VALUES (1451021796206710811, 1451021796106047579);
INSERT INTO `bn_sys_perm_code_perm` VALUES (1451021796206710814, 1451021796106047580);
INSERT INTO `bn_sys_perm_code_perm` VALUES (1451021796206710816, 1451021796106047581);
INSERT INTO `bn_sys_perm_code_perm` VALUES (1451021796206710817, 1451021796106047582);
INSERT INTO `bn_sys_perm_code_perm` VALUES (1451021796206710812, 1451021796106047583);
INSERT INTO `bn_sys_perm_code_perm` VALUES (1451021796206710816, 1451021796106047584);
INSERT INTO `bn_sys_perm_code_perm` VALUES (1451021796198322184, 1451021796106047586);
INSERT INTO `bn_sys_perm_code_perm` VALUES (1451021796198322186, 1451021796106047587);
INSERT INTO `bn_sys_perm_code_perm` VALUES (1451021796198322185, 1451021796106047588);
INSERT INTO `bn_sys_perm_code_perm` VALUES (1451021796194127886, 1451021796106047589);
INSERT INTO `bn_sys_perm_code_perm` VALUES (1451021796194127887, 1451021796106047589);
INSERT INTO `bn_sys_perm_code_perm` VALUES (1451021796198322183, 1451021796106047589);
INSERT INTO `bn_sys_perm_code_perm` VALUES (1451021796198322185, 1451021796106047590);
INSERT INTO `bn_sys_perm_code_perm` VALUES (1451021796198322187, 1451021796106047591);
INSERT INTO `bn_sys_perm_code_perm` VALUES (1451021796198322187, 1451021796106047592);
INSERT INTO `bn_sys_perm_code_perm` VALUES (1451021796198322196, 1451021796106047594);
INSERT INTO `bn_sys_perm_code_perm` VALUES (1451021796198322197, 1451021796106047595);
INSERT INTO `bn_sys_perm_code_perm` VALUES (1451021796198322198, 1451021796106047596);
INSERT INTO `bn_sys_perm_code_perm` VALUES (1451021796198322184, 1451021796106047597);
INSERT INTO `bn_sys_perm_code_perm` VALUES (1451021796198322185, 1451021796106047597);
INSERT INTO `bn_sys_perm_code_perm` VALUES (1451021796198322195, 1451021796106047597);
INSERT INTO `bn_sys_perm_code_perm` VALUES (1451021796198322197, 1451021796106047598);
INSERT INTO `bn_sys_perm_code_perm` VALUES (1451021796198322199, 1451021796106047599);
INSERT INTO `bn_sys_perm_code_perm` VALUES (1451021796198322199, 1451021796106047600);
INSERT INTO `bn_sys_perm_code_perm` VALUES (1451021796198322211, 1451021796106047602);
INSERT INTO `bn_sys_perm_code_perm` VALUES (1451021796198322212, 1451021796106047603);
INSERT INTO `bn_sys_perm_code_perm` VALUES (1451021796198322213, 1451021796106047604);
INSERT INTO `bn_sys_perm_code_perm` VALUES (1451021796198322210, 1451021796106047605);
INSERT INTO `bn_sys_perm_code_perm` VALUES (1451021796198322196, 1451021796106047606);
INSERT INTO `bn_sys_perm_code_perm` VALUES (1451021796198322197, 1451021796106047606);
INSERT INTO `bn_sys_perm_code_perm` VALUES (1451021796198322210, 1451021796106047606);
INSERT INTO `bn_sys_perm_code_perm` VALUES (1451021796198322214, 1451021796106047608);
INSERT INTO `bn_sys_perm_code_perm` VALUES (1451021796198322215, 1451021796106047609);
INSERT INTO `bn_sys_perm_code_perm` VALUES (1451021796198322216, 1451021796106047610);
INSERT INTO `bn_sys_perm_code_perm` VALUES (1451021796198322210, 1451021796106047611);
INSERT INTO `bn_sys_perm_code_perm` VALUES (1451021796198322215, 1451021796106047612);
INSERT INTO `bn_sys_perm_code_perm` VALUES (1451021796198322217, 1451021796106047613);
INSERT INTO `bn_sys_perm_code_perm` VALUES (1451021796198322217, 1451021796106047614);
INSERT INTO `bn_sys_perm_code_perm` VALUES (1451021796198322217, 1451021796106047615);
INSERT INTO `bn_sys_perm_code_perm` VALUES (1451021796202516487, 1451021796110241792);
INSERT INTO `bn_sys_perm_code_perm` VALUES (1451021796202516487, 1451021796110241793);
INSERT INTO `bn_sys_perm_code_perm` VALUES (1451021796202516487, 1451021796110241794);
INSERT INTO `bn_sys_perm_code_perm` VALUES (1451021796202516487, 1451021796110241795);
INSERT INTO `bn_sys_perm_code_perm` VALUES (1451021796202516487, 1451021796110241797);
INSERT INTO `bn_sys_perm_code_perm` VALUES (1451021796202516487, 1451021796110241798);
INSERT INTO `bn_sys_perm_code_perm` VALUES (1451021796202516487, 1451021796110241799);
INSERT INTO `bn_sys_perm_code_perm` VALUES (1451021796202516487, 1451021796110241800);
INSERT INTO `bn_sys_perm_code_perm` VALUES (1451021796206710799, 1451021796110241802);
INSERT INTO `bn_sys_perm_code_perm` VALUES (1451021796206710794, 1451021796110241804);
INSERT INTO `bn_sys_perm_code_perm` VALUES (1451021796206710795, 1451021796110241805);
COMMIT;

-- ----------------------------
-- Table structure for bn_sys_perm_module
-- ----------------------------
DROP TABLE IF EXISTS `bn_sys_perm_module`;
CREATE TABLE `bn_sys_perm_module` (
  `module_id` bigint(20) NOT NULL COMMENT '权限模块id',
  `parent_id` bigint(20) DEFAULT '0' COMMENT '上级权限模块id',
  `module_name` varchar(64) COLLATE utf8mb4_bin NOT NULL DEFAULT '' COMMENT '权限模块名称',
  `module_type` int(11) NOT NULL COMMENT '模块类型(0: 普通模块 1: Controller模块)',
  `show_order` int(11) NOT NULL DEFAULT '0' COMMENT '权限模块在当前层级下的顺序，由小到大',
  `create_user_id` bigint(20) NOT NULL COMMENT '创建者Id',
  `create_time` datetime NOT NULL COMMENT '创建时间',
  `update_user_id` bigint(20) NOT NULL COMMENT '更新者Id',
  `update_time` datetime NOT NULL COMMENT '最后更新时间',
  `deleted_flag` int(11) NOT NULL COMMENT '逻辑删除标记(1: 正常 -1: 已删除)',
  PRIMARY KEY (`module_id`) USING BTREE,
  KEY `idx_show_order` (`show_order`) USING BTREE,
  KEY `idx_parent_id` (`parent_id`) USING BTREE,
  KEY `idx_module_type` (`module_type`) USING BTREE
) ENGINE=InnoDB DEFAULT CHARSET=utf8mb4 COLLATE=utf8mb4_bin ROW_FORMAT=COMPACT COMMENT='系统权限模块表';

-- ----------------------------
-- Records of bn_sys_perm_module
-- ----------------------------
BEGIN;
INSERT INTO `bn_sys_perm_module` VALUES (1293376634891538435, NULL, '用户权限', 0, 1, 1451021796210905099, '2021-10-21 00:00:00', 1451021796210905099, '2021-10-21 00:00:00', 1);
INSERT INTO `bn_sys_perm_module` VALUES (1293376634933481472, NULL, '系统配置', 0, 2, 1451021796210905099, '2021-10-21 00:00:00', 1451021796210905099, '2021-10-21 00:00:00', 1);
INSERT INTO `bn_sys_perm_module` VALUES (1293376634933481473, NULL, '缺省分组', 0, 3, 1451021796210905099, '2021-10-21 00:00:00', 1451021796210905099, '2021-10-21 00:00:00', 1);
INSERT INTO `bn_sys_perm_module` VALUES (1451021796101853184, 1293376634933481473, '课程数据', 1, 0, 1451021796210905099, '2021-10-21 00:00:00', 1451021796210905099, '2021-10-21 00:00:00', 1);
INSERT INTO `bn_sys_perm_module` VALUES (1451021796106047497, 1293376634933481473, '学生数据', 1, 5, 1451021796210905099, '2021-10-21 00:00:00', 1451021796210905099, '2021-10-21 00:00:00', 1);
INSERT INTO `bn_sys_perm_module` VALUES (1451021796106047505, 1293376634891538435, '部门管理', 1, 0, 1451021796210905099, '2021-10-21 00:00:00', 1451021796210905099, '2021-10-21 00:00:00', 1);
INSERT INTO `bn_sys_perm_module` VALUES (1451021796106047513, 1293376634891538435, '用户管理', 1, 5, 1451021796210905099, '2021-10-21 00:00:00', 1451021796210905099, '2021-10-21 00:00:00', 1);
INSERT INTO `bn_sys_perm_module` VALUES (1451021796106047525, 1293376634933481473, '班级数据', 1, 10, 1451021796210905099, '2021-10-21 00:00:00', 1451021796210905099, '2021-10-21 00:00:00', 1);
INSERT INTO `bn_sys_perm_module` VALUES (1451021796106047543, 1293376634933481473, '课程统计', 1, 15, 1451021796210905099, '2021-10-21 00:00:00', 1451021796210905099, '2021-10-21 00:00:00', 1);
INSERT INTO `bn_sys_perm_module` VALUES (1451021796106047549, 1293376634933481473, '学生行为统计', 1, 20, 1451021796210905099, '2021-10-21 00:00:00', 1451021796210905099, '2021-10-21 00:00:00', 1);
INSERT INTO `bn_sys_perm_module` VALUES (1451021796106047555, 1293376634933481473, '学生行为流水', 1, 25, 1451021796210905099, '2021-10-21 00:00:00', 1451021796210905099, '2021-10-21 00:00:00', 1);
INSERT INTO `bn_sys_perm_module` VALUES (1451021796106047563, 1293376634891538435, '角色管理', 1, 10, 1451021796210905099, '2021-10-21 00:00:00', 1451021796210905099, '2021-10-21 00:00:00', 1);
INSERT INTO `bn_sys_perm_module` VALUES (1451021796106047575, 1293376634891538435, '数据权限管理', 1, 15, 1451021796210905099, '2021-10-21 00:00:00', 1451021796210905099, '2021-10-21 00:00:00', 1);
INSERT INTO `bn_sys_perm_module` VALUES (1451021796106047585, 1293376634891538435, '菜单管理', 1, 20, 1451021796210905099, '2021-10-21 00:00:00', 1451021796210905099, '2021-10-21 00:00:00', 1);
INSERT INTO `bn_sys_perm_module` VALUES (1451021796106047593, 1293376634891538435, '权限字管理', 1, 25, 1451021796210905099, '2021-10-21 00:00:00', 1451021796210905099, '2021-10-21 00:00:00', 1);
INSERT INTO `bn_sys_perm_module` VALUES (1451021796106047601, 1293376634891538435, '权限模块管理', 1, 30, 1451021796210905099, '2021-10-21 00:00:00', 1451021796210905099, '2021-10-21 00:00:00', 1);
INSERT INTO `bn_sys_perm_module` VALUES (1451021796106047607, 1293376634891538435, '权限资源管理', 1, 35, 1451021796210905099, '2021-10-21 00:00:00', 1451021796210905099, '2021-10-21 00:00:00', 1);
INSERT INTO `bn_sys_perm_module` VALUES (1451021796106047616, 1293376634933481472, '字典管理', 0, 0, 1451021796210905099, '2021-10-21 00:00:00', 1451021796210905099, '2021-10-21 00:00:00', 1);
INSERT INTO `bn_sys_perm_module` VALUES (1451021796106047617, 1451021796106047616, '行政区划', 1, 1, 1451021796210905099, '2021-10-21 00:00:00', 1451021796210905099, '2021-10-21 00:00:00', 1);
INSERT INTO `bn_sys_perm_module` VALUES (1451021796110241796, 1451021796106047616, '年级', 1, 2, 1451021796210905099, '2021-10-21 00:00:00', 1451021796210905099, '2021-10-21 00:00:00', 1);
INSERT INTO `bn_sys_perm_module` VALUES (1451021796110241801, 1293376634933481472, '操作日志', 1, 5, 1451021796210905099, '2021-10-21 00:00:00', 1451021796210905099, '2021-10-21 00:00:00', 1);
INSERT INTO `bn_sys_perm_module` VALUES (1451021796110241803, 1293376634933481472, '在线用户', 1, 10, 1451021796210905099, '2021-10-21 00:00:00', 1451021796210905099, '2021-10-21 00:00:00', 1);
COMMIT;

-- ----------------------------
-- Table structure for bn_sys_perm_whitelist
-- ----------------------------
DROP TABLE IF EXISTS `bn_sys_perm_whitelist`;
CREATE TABLE `bn_sys_perm_whitelist` (
  `perm_url` varchar(512) CHARACTER SET utf8 COLLATE utf8_bin NOT NULL COMMENT '权限资源的url',
  `module_name` varchar(64) CHARACTER SET utf8 COLLATE utf8_bin DEFAULT NULL COMMENT '权限资源所属模块名字(通常是Controller的名字)',
  `perm_name` varchar(64) CHARACTER SET utf8 COLLATE utf8_bin DEFAULT NULL COMMENT '权限的名称',
  PRIMARY KEY (`perm_url`)
) ENGINE=InnoDB DEFAULT CHARSET=utf8mb4 COLLATE=utf8mb4_bin COMMENT='权限资源白名单表(认证用户均可访问的url资源)';

-- ----------------------------
-- Records of bn_sys_perm_whitelist
-- ----------------------------
BEGIN;
INSERT INTO `bn_sys_perm_whitelist` VALUES ('/admin/CourseClass/areaCode/listAll', '行政区划', '字典全部列表');
INSERT INTO `bn_sys_perm_whitelist` VALUES ('/admin/CourseClass/areaCode/listDict', '行政区划', '行政区划列表');
INSERT INTO `bn_sys_perm_whitelist` VALUES ('/admin/CourseClass/areaCode/listDictByIds', '行政区划', '行政区划批量Id列表');
INSERT INTO `bn_sys_perm_whitelist` VALUES ('/admin/CourseClass/areaCode/listDictByParentId', '行政区划', '行政区划过滤列表');
INSERT INTO `bn_sys_perm_whitelist` VALUES ('/admin/CourseClass/course/listDict', '课程数据', '课程字典列表');
INSERT INTO `bn_sys_perm_whitelist` VALUES ('/admin/CourseClass/course/listDictByIds', '课程数据', '课程字典批量Id列表');
INSERT INTO `bn_sys_perm_whitelist` VALUES ('/admin/CourseClass/grade/listAll', '年级', '字典全部列表');
INSERT INTO `bn_sys_perm_whitelist` VALUES ('/admin/CourseClass/grade/listDict', '年级', '字典列表');
INSERT INTO `bn_sys_perm_whitelist` VALUES ('/admin/CourseClass/grade/listDictByIds', '年级', '字典批量Id列表');
INSERT INTO `bn_sys_perm_whitelist` VALUES ('/admin/CourseClass/student/listDict', '学生数据', '学生字典列表');
INSERT INTO `bn_sys_perm_whitelist` VALUES ('/admin/CourseClass/student/listDictByIds', '学生数据', '学生字典批量Id列表');
INSERT INTO `bn_sys_perm_whitelist` VALUES ('/admin/upms/login/doLogout', '登录模块', '退出登陆');
INSERT INTO `bn_sys_perm_whitelist` VALUES ('/admin/upms/login/getLoginInfo', '登录模块', '获取登录信息');
INSERT INTO `bn_sys_perm_whitelist` VALUES ('/admin/upms/sysDept/listDict', '部门管理', '部门字典字典列表');
INSERT INTO `bn_sys_perm_whitelist` VALUES ('/admin/upms/sysDept/listDictByIds', '部门管理', '部门字典字典批量Id列表');
INSERT INTO `bn_sys_perm_whitelist` VALUES ('/admin/upms/sysDept/listDictByParentId', '部门管理', '部门字典下一级字典列表');
COMMIT;

-- ----------------------------
-- Table structure for bn_sys_role
-- ----------------------------
DROP TABLE IF EXISTS `bn_sys_role`;
CREATE TABLE `bn_sys_role` (
  `role_id` bigint(20) NOT NULL COMMENT '主键Id',
  `role_name` varchar(64) COLLATE utf8mb4_bin NOT NULL COMMENT '角色名称',
  `create_user_id` bigint(20) NOT NULL COMMENT '创建者Id',
  `create_time` datetime NOT NULL COMMENT '创建时间',
  `update_user_id` bigint(20) NOT NULL COMMENT '更新者Id',
  `update_time` datetime NOT NULL COMMENT '最后更新时间',
  `deleted_flag` int(11) NOT NULL COMMENT '逻辑删除标记(1: 正常 -1: 已删除)',
  PRIMARY KEY (`role_id`) USING BTREE
) ENGINE=InnoDB DEFAULT CHARSET=utf8mb4 COLLATE=utf8mb4_bin ROW_FORMAT=COMPACT COMMENT='系统角色表';

-- ----------------------------
-- Table structure for bn_sys_role_menu
-- ----------------------------
DROP TABLE IF EXISTS `bn_sys_role_menu`;
CREATE TABLE `bn_sys_role_menu` (
  `role_id` bigint(20) NOT NULL COMMENT '角色Id',
  `menu_id` bigint(20) NOT NULL COMMENT '菜单Id',
  PRIMARY KEY (`role_id`,`menu_id`) USING BTREE,
  KEY `idx_menu_id` (`menu_id`) USING BTREE
) ENGINE=InnoDB DEFAULT CHARSET=utf8mb4 COLLATE=utf8mb4_bin ROW_FORMAT=COMPACT COMMENT='角色与菜单对应关系表';

-- ----------------------------
-- Table structure for bn_sys_user
-- ----------------------------
DROP TABLE IF EXISTS `bn_sys_user`;
CREATE TABLE `bn_sys_user` (
  `user_id` bigint(20) NOT NULL COMMENT '主键Id',
  `login_name` varchar(64) COLLATE utf8mb4_bin NOT NULL COMMENT '用户登录名称',
  `password` varchar(64) COLLATE utf8mb4_bin NOT NULL COMMENT '密码',
  `show_name` varchar(32) COLLATE utf8mb4_bin NOT NULL COMMENT '用户显示名称',
  `dept_id` bigint(20) NOT NULL COMMENT '用户所在部门Id',
  `head_image_url` varchar(255) COLLATE utf8mb4_bin DEFAULT NULL COMMENT '用户头像的Url',
  `user_type` int(11) NOT NULL COMMENT '用户类型(0: 管理员 1: 系统管理用户 2: 系统业务用户)',
  `user_status` int(11) NOT NULL COMMENT '状态(0: 正常 1: 锁定)',
  `create_user_id` bigint(20) NOT NULL COMMENT '创建者Id',
  `create_time` datetime NOT NULL COMMENT '创建时间',
  `update_user_id` bigint(20) NOT NULL COMMENT '更新者Id',
  `update_time` datetime NOT NULL COMMENT '最后更新时间',
  `deleted_flag` int(11) NOT NULL COMMENT '删除标记(1: 正常 -1: 已删除)',
  PRIMARY KEY (`user_id`) USING BTREE,
  UNIQUE KEY `uk_login_name` (`login_name`) USING BTREE,
  KEY `idx_dept_id` (`dept_id`) USING BTREE,
  KEY `idx_status` (`user_status`) USING BTREE
) ENGINE=InnoDB DEFAULT CHARSET=utf8mb4 COLLATE=utf8mb4_bin ROW_FORMAT=COMPACT COMMENT='系统用户表';

-- ----------------------------
-- Records of bn_sys_user
-- ----------------------------
BEGIN;
INSERT INTO `bn_sys_user` VALUES (1451021796210905099, 'admin', '$2a$10$iMo0TJojVzBGu9l//uEYAuneFyXpzJeycO/.wGGGMtM4O3YFe9Kxe', '管理员', 1451021796210905098, 'CHANGE TO YOUR HEAD IMAGE URL!!!', 0, 0, 1451021796210905099, '2021-10-21 00:00:00', 1451021796210905099, '2021-10-21 00:00:00', 1);
COMMIT;

-- ----------------------------
-- Table structure for bn_sys_user_role
-- ----------------------------
DROP TABLE IF EXISTS `bn_sys_user_role`;
CREATE TABLE `bn_sys_user_role` (
  `user_id` bigint(20) NOT NULL COMMENT '用户Id',
  `role_id` bigint(20) NOT NULL COMMENT '角色Id',
  PRIMARY KEY (`user_id`,`role_id`) USING BTREE,
  KEY `idx_role_id` (`role_id`) USING BTREE
) ENGINE=InnoDB DEFAULT CHARSET=utf8mb4 COLLATE=utf8mb4_bin ROW_FORMAT=COMPACT COMMENT='用户与角色对应关系表';

-- ----------------------------
-- Table structure for bn_transaction_message_producer_trans
-- ----------------------------
DROP TABLE IF EXISTS `bn_transaction_message_producer_trans`;
CREATE TABLE `bn_transaction_message_producer_trans` (
  `trans_id` varchar(128) COLLATE utf8mb4_bin NOT NULL COMMENT '消息事务Id',
  `message_type` varchar(64) COLLATE utf8mb4_bin NOT NULL COMMENT '消息类型',
  `command_type` varchar(64) COLLATE utf8mb4_bin DEFAULT NULL COMMENT '命令类型',
  `message_topic` varchar(64) COLLATE utf8mb4_bin NOT NULL COMMENT '消息主题',
  `producer_trace_id` varchar(64) COLLATE utf8mb4_bin NOT NULL COMMENT '生产者traceId',
  `create_time` datetime NOT NULL COMMENT '创建时间',
  PRIMARY KEY (`trans_id`) USING BTREE
) ENGINE=InnoDB DEFAULT CHARSET=utf8mb4 COLLATE=utf8mb4_bin COMMENT='用于事务型消息的生产者发送数据流水表';

SET FOREIGN_KEY_CHECKS = 1;

